date,INTL_US10Y
2001-01-05,4.931
2001-01-12,5.25
2001-01-19,5.168
2001-01-26,5.268
2001-02-02,5.148
2001-02-09,5.03
2001-02-16,5.109
2001-02-23,5.097
2001-03-02,4.947
2001-03-09,4.929
2001-03-16,4.77
2001-03-23,4.815
2001-03-30,4.917
2001-04-06,4.89
2001-04-13,5.163
2001-04-20,5.288
2001-04-27,5.328
2001-05-04,5.205
2001-05-11,5.447
2001-05-18,5.405
2001-05-25,5.511
2001-06-01,5.364
2001-06-08,5.356
2001-06-15,5.232
2001-06-22,5.115
2001-06-29,5.412
2001-07-06,5.359
2001-07-13,5.217
2001-07-20,5.129
2001-07-27,5.098
2001-08-03,5.157
2001-08-10,4.98
2001-08-17,4.839
2001-08-24,4.922
2001-08-31,4.832
2001-09-07,4.79
2001-09-14,4.553
2001-09-21,4.691
2001-09-28,4.588
2001-10-05,4.504
2001-10-12,4.669
2001-10-19,4.621
2001-10-26,4.529
2001-11-02,4.358
2001-11-09,4.303
2001-11-16,4.843
2001-11-23,4.987
2001-11-30,4.752
2001-12-07,5.167
2001-12-14,5.188
2001-12-21,5.084
2001-12-28,5.113
2002-01-04,5.128
2002-01-11,4.866
2002-01-18,4.894
2002-01-25,5.071
2002-02-01,4.985
2002-02-08,4.879
2002-02-15,4.875
2002-02-22,4.831
2002-03-01,4.981
2002-03-08,5.325
2002-03-15,5.327
2002-03-22,5.404
2002-03-29,5.396
2002-04-05,5.206
2002-04-12,5.156
2002-04-19,5.1962
2002-04-26,5.0537
2002-05-03,5.054
2002-05-10,5.1163
2002-05-17,5.2506
2002-05-24,5.1443
2002-05-31,5.0427
2002-06-07,5.0658
2002-06-14,4.7967
2002-06-21,4.7661
2002-06-28,4.7965
2002-07-05,4.856
2002-07-12,4.5718
2002-07-19,4.5194
2002-07-26,4.3817
2002-08-02,4.2904
2002-08-09,4.255
2002-08-16,4.3244
2002-08-23,4.2334
2002-08-30,4.1409
2002-09-06,4.0113
2002-09-13,3.9052
2002-09-20,3.785
2002-09-27,3.6584
2002-10-04,3.6646
2002-10-11,3.7782
2002-10-18,4.1053
2002-10-25,4.0914
2002-11-01,4.0045
2002-11-08,3.8558
2002-11-15,4.0287
2002-11-22,4.1776
2002-11-29,4.2052
2002-12-06,4.0827
2002-12-13,4.0672
2002-12-20,3.9573
2002-12-27,3.8083
2003-01-03,4.0169
2003-01-10,4.132
2003-01-17,4.0091
2003-01-24,3.9278
2003-01-31,3.9625
2003-02-07,3.9294
2003-02-14,3.961
2003-02-21,3.8882
2003-02-28,3.6897
2003-03-07,3.6406
2003-03-14,3.7002
2003-03-21,4.1031
2003-03-28,3.8976
2003-04-04,3.9517
2003-04-11,3.9712
2003-04-18,3.9558
2003-04-25,3.888
2003-05-02,3.919
2003-05-09,3.6796
2003-05-16,3.4185
2003-05-23,3.3354
2003-05-30,3.3699
2003-06-06,3.351
2003-06-13,3.1121
2003-06-20,3.3648
2003-06-27,3.5415
2003-07-04,3.6474
2003-07-11,3.6265
2003-07-18,3.9989
2003-07-25,4.175
2003-08-01,4.3834
2003-08-08,4.2694
2003-08-15,4.5285
2003-08-22,4.4732
2003-08-29,4.4636
2003-09-05,4.3474
2003-09-12,4.2516
2003-09-19,4.1602
2003-09-26,4.0005
2003-10-03,4.1987
2003-10-10,4.269
2003-10-17,4.3876
2003-10-24,4.2297
2003-10-31,4.2927
2003-11-07,4.4383
2003-11-14,4.2171
2003-11-21,4.1592
2003-11-28,4.3316
2003-12-05,4.2303
2003-12-12,4.2379
2003-12-19,4.1332
2003-12-26,4.1503
2004-01-02,4.3794
2004-01-09,4.0803
2004-01-16,4.0299
2004-01-23,4.072
2004-01-30,4.1319
2004-02-06,4.0772
2004-02-13,4.0402
2004-02-20,4.0961
2004-02-27,3.9711
2004-03-05,3.8491
2004-03-12,3.777
2004-03-19,3.771
2004-03-26,3.8292
2004-04-02,4.1435
2004-04-09,4.1909
2004-04-16,4.3383
2004-04-23,4.4578
2004-04-30,4.5053
2004-05-07,4.7709
2004-05-14,4.7678
2004-05-21,4.7558
2004-05-28,4.6468
2004-06-04,4.7715
2004-06-11,4.7995
2004-06-18,4.7096
2004-06-25,4.6459
2004-07-02,4.4589
2004-07-09,4.4565
2004-07-16,4.3491
2004-07-23,4.4301
2004-07-30,4.4747
2004-08-06,4.2196
2004-08-13,4.2268
2004-08-20,4.2325
2004-08-27,4.2265
2004-09-03,4.2945
2004-09-10,4.1856
2004-09-17,4.1064
2004-09-24,4.0273
2004-10-01,4.1871
2004-10-08,4.1286
2004-10-15,4.0531
2004-10-22,3.974
2004-10-29,4.0235
2004-11-05,4.1727
2004-11-12,4.1786
2004-11-19,4.2035
2004-11-26,4.2459
2004-12-03,4.2497
2004-12-10,4.1489
2004-12-17,4.199
2004-12-24,4.2144
2004-12-31,4.2182
2005-01-07,4.269
2005-01-14,4.208
2005-01-21,4.1399
2005-01-28,4.1397
2005-02-04,4.0753
2005-02-11,4.0844
2005-02-18,4.2655
2005-02-25,4.2638
2005-03-04,4.3076
2005-03-11,4.5423
2005-03-18,4.5066
2005-03-25,4.5929
2005-04-01,4.4475
2005-04-08,4.4683
2005-04-15,4.2406
2005-04-22,4.2449
2005-04-29,4.1976
2005-05-06,4.2576
2005-05-13,4.1173
2005-05-20,4.121
2005-05-27,4.0709
2005-06-03,3.9732
2005-06-10,4.0514
2005-06-17,4.0705
2005-06-24,3.917
2005-07-01,4.0489
2005-07-08,4.0914
2005-07-15,4.1635
2005-07-22,4.2185
2005-07-29,4.276
2005-08-05,4.3861
2005-08-12,4.2423
2005-08-19,4.2054
2005-08-26,4.186
2005-09-02,4.0362
2005-09-09,4.1181
2005-09-16,4.271
2005-09-23,4.2456
2005-09-30,4.324
2005-10-07,4.354
2005-10-14,4.4793
2005-10-21,4.3837
2005-10-28,4.5648
2005-11-04,4.659
2005-11-11,4.5333
2005-11-18,4.4881
2005-11-25,4.4274
2005-12-02,4.5115
2005-12-09,4.5233
2005-12-16,4.4327
2005-12-23,4.372
2005-12-30,4.3911
2006-01-06,4.3733
2006-01-13,4.3534
2006-01-20,4.3493
2006-01-27,4.5092
2006-02-03,4.5232
2006-02-10,4.5845
2006-02-17,4.5372
2006-02-24,4.5727
2006-03-03,4.6801
2006-03-10,4.7567
2006-03-17,4.6705
2006-03-24,4.6686
2006-03-31,4.8472
2006-04-07,4.9774
2006-04-14,5.0448
2006-04-21,5.0079
2006-04-28,5.0505
2006-05-05,5.0997
2006-05-12,5.1938
2006-05-19,5.0584
2006-05-26,5.0481
2006-06-02,4.9898
2006-06-09,4.9714
2006-06-16,5.1264
2006-06-23,5.2223
2006-06-30,5.1364
2006-07-07,5.1261
2006-07-14,5.0629
2006-07-21,5.0404
2006-07-28,4.9896
2006-08-04,4.8925
2006-08-11,4.9691
2006-08-18,4.841
2006-08-25,4.7793
2006-09-01,4.7236
2006-09-08,4.7708
2006-09-15,4.7885
2006-09-22,4.5888
2006-09-29,4.6276
2006-10-06,4.6943
2006-10-13,4.7977
2006-10-20,4.7855
2006-10-27,4.6715
2006-11-03,4.715
2006-11-10,4.5877
2006-11-17,4.5993
2006-11-24,4.548
2006-12-01,4.4327
2006-12-08,4.5437
2006-12-15,4.5928
2006-12-22,4.6185
2006-12-29,4.7022
2007-01-05,4.6442
2007-01-12,4.775
2007-01-19,4.7752
2007-01-26,4.8733
2007-02-02,4.8204
2007-02-09,4.7797
2007-02-16,4.6882
2007-02-23,4.6703
2007-03-02,4.497
2007-03-09,4.5871
2007-03-16,4.5435
2007-03-23,4.6105
2007-03-30,4.6443
2007-04-06,4.7485
2007-04-13,4.7608
2007-04-20,4.6703
2007-04-27,4.6924
2007-05-04,4.6382
2007-05-11,4.6717
2007-05-18,4.8001
2007-05-25,4.8572
2007-06-01,4.9516
2007-06-08,5.0991
2007-06-15,5.1627
2007-06-22,5.13
2007-06-29,5.0244
2007-07-06,5.1824
2007-07-13,5.0928
2007-07-20,4.9497
2007-07-27,4.757
2007-08-03,4.6842
2007-08-10,4.8076
2007-08-17,4.6847
2007-08-24,4.6156
2007-08-31,4.5292
2007-09-07,4.3816
2007-09-14,4.4544
2007-09-21,4.6203
2007-09-28,4.5865
2007-10-05,4.6356
2007-10-12,4.6812
2007-10-19,4.3915
2007-10-26,4.4006
2007-11-02,4.3165
2007-11-09,4.2133
2007-11-16,4.167
2007-11-23,3.9989
2007-11-30,3.9379
2007-12-07,4.1048
2007-12-14,4.234
2007-12-21,4.1679
2007-12-28,4.0732
2008-01-04,3.8651
2008-01-11,3.7835
2008-01-18,3.6297
2008-01-25,3.5494
2008-02-01,3.5926
2008-02-08,3.6428
2008-02-15,3.7686
2008-02-22,3.8016
2008-02-29,3.5092
2008-03-07,3.5317
2008-03-14,3.4679
2008-03-21,3.3335
2008-03-28,3.4414
2008-04-04,3.4657
2008-04-11,3.4694
2008-04-18,3.7061
2008-04-25,3.8703
2008-05-02,3.8551
2008-05-09,3.7692
2008-05-16,3.8446
2008-05-23,3.8425
2008-05-30,4.0595
2008-06-06,3.9092
2008-06-13,4.2565
2008-06-20,4.1641
2008-06-27,3.9652
2008-07-04,3.975
2008-07-11,3.9576
2008-07-18,4.0828
2008-07-25,4.0969
2008-08-01,3.9307
2008-08-08,3.9276
2008-08-15,3.8349
2008-08-22,3.8704
2008-08-29,3.8116
2008-09-05,3.6986
2008-09-12,3.7187
2008-09-19,3.8105
2008-09-26,3.852
2008-10-03,3.6031
2008-10-10,3.8705
2008-10-17,3.9299
2008-10-24,3.6856
2008-10-31,3.953
2008-11-07,3.7929
2008-11-14,3.7349
2008-11-21,3.1974
2008-11-28,2.92
2008-12-05,2.7037
2008-12-12,2.5705
2008-12-19,2.1231
2008-12-26,2.1318
2009-01-02,2.3688
2009-01-09,2.39
2009-01-16,2.3188
2009-01-23,2.6172
2009-01-30,2.8403
2009-02-06,2.9917
2009-02-13,2.8894
2009-02-20,2.7879
2009-02-27,3.0131
2009-03-06,2.8717
2009-03-13,2.8902
2009-03-20,2.6344
2009-03-27,2.7571
2009-04-03,2.8853
2009-04-10,2.9226
2009-04-17,2.9451
2009-04-24,2.9903
2009-05-01,3.1533
2009-05-08,3.2856
2009-05-15,3.1341
2009-05-22,3.4495
2009-05-29,3.4594
2009-06-05,3.8279
2009-06-12,3.7916
2009-06-19,3.7808
2009-06-26,3.5363
2009-07-03,3.4985
2009-07-10,3.3026
2009-07-17,3.6433
2009-07-24,3.6578
2009-07-31,3.4796
2009-08-07,3.8502
2009-08-14,3.5688
2009-08-21,3.5649
2009-08-28,3.4456
2009-09-04,3.4378
2009-09-11,3.347
2009-09-18,3.4632
2009-09-25,3.3184
2009-10-02,3.2188
2009-10-09,3.3802
2009-10-16,3.4115
2009-10-23,3.49
2009-10-30,3.3828
2009-11-06,3.4971
2009-11-13,3.4177
2009-11-20,3.3656
2009-11-27,3.2051
2009-12-04,3.4722
2009-12-11,3.5498
2009-12-18,3.5368
2009-12-25,3.803
2010-01-01,3.835
2010-01-08,3.8297
2010-01-15,3.6744
2010-01-22,3.6071
2010-01-29,3.5844
2010-02-05,3.5654
2010-02-12,3.6928
2010-02-19,3.7726
2010-02-26,3.6117
2010-03-05,3.6796
2010-03-12,3.7006
2010-03-19,3.6892
2010-03-26,3.8468
2010-04-02,3.9446
2010-04-09,3.8825
2010-04-16,3.7626
2010-04-23,3.8092
2010-04-30,3.6532
2010-05-07,3.4255
2010-05-14,3.4534
2010-05-21,3.2379
2010-05-28,3.2922
2010-06-04,3.2023
2010-06-11,3.2346
2010-06-18,3.2195
2010-06-25,3.1078
2010-07-02,2.977
2010-07-09,3.052
2010-07-16,2.9215
2010-07-23,2.9943
2010-07-30,2.9052
2010-08-06,2.8166
2010-08-13,2.6716
2010-08-20,2.6106
2010-08-27,2.6447
2010-09-03,2.697
2010-09-10,2.7917
2010-09-17,2.7372
2010-09-24,2.605
2010-10-01,2.5097
2010-10-08,2.392
2010-10-15,2.5597
2010-10-22,2.5541
2010-10-29,2.5993
2010-11-05,2.5304
2010-11-12,2.7871
2010-11-19,2.8713
2010-11-26,2.8663
2010-12-03,3.0055
2010-12-10,3.319
2010-12-17,3.3279
2010-12-24,3.3933
2010-12-31,3.2935
2011-01-07,3.3237
2011-01-14,3.3231
2011-01-21,3.4042
2011-01-28,3.3214
2011-02-04,3.6356
2011-02-11,3.6288
2011-02-18,3.5799
2011-02-25,3.4125
2011-03-04,3.49
2011-03-11,3.4025
2011-03-18,3.2678
2011-03-25,3.4388
2011-04-01,3.4422
2011-04-08,3.5772
2011-04-15,3.4079
2011-04-22,3.3907
2011-04-29,3.2863
2011-05-06,3.1459
2011-05-13,3.1709
2011-05-20,3.1451
2011-05-27,3.0735
2011-06-03,2.9859
2011-06-10,2.9693
2011-06-17,2.9445
2011-06-24,2.8636
2011-07-01,3.1823
2011-07-08,3.0268
2011-07-15,2.9058
2011-07-22,2.9621
2011-07-29,2.7961
2011-08-05,2.5585
2011-08-12,2.2548
2011-08-19,2.0623
2011-08-26,2.1899
2011-09-02,1.9857
2011-09-09,1.9183
2011-09-16,2.0479
2011-09-23,1.8334
2011-09-30,1.9154
2011-10-07,2.0764
2011-10-14,2.2477
2011-10-21,2.2192
2011-10-28,2.3167
2011-11-04,2.0327
2011-11-11,2.0564
2011-11-18,2.0104
2011-11-25,1.9635
2011-12-02,2.0331
2011-12-09,2.0611
2011-12-16,1.8474
2011-12-23,2.0244
2011-12-30,1.8762
2012-01-06,1.9578
2012-01-13,1.8636
2012-01-20,2.0246
2012-01-27,1.891
2012-02-03,1.9224
2012-02-10,1.9862
2012-02-17,2.0017
2012-02-24,1.9757
2012-03-02,1.9739
2012-03-09,2.0279
2012-03-16,2.294
2012-03-23,2.2317
2012-03-30,2.2088
2012-04-06,2.0545
2012-04-13,1.9823
2012-04-20,1.9629
2012-04-27,1.9348
2012-05-04,1.8786
2012-05-11,1.8376
2012-05-18,1.7226
2012-05-25,1.738
2012-06-01,1.452
2012-06-08,1.6353
2012-06-15,1.5773
2012-06-22,1.6742
2012-06-29,1.6449
2012-07-06,1.5491
2012-07-13,1.4876
2012-07-20,1.4567
2012-07-27,1.5463
2012-08-03,1.5631
2012-08-10,1.6573
2012-08-17,1.8105
2012-08-24,1.6865
2012-08-31,1.5484
2012-09-07,1.6678
2012-09-14,1.866
2012-09-21,1.7528
2012-09-28,1.6335
2012-10-05,1.7428
2012-10-12,1.656
2012-10-19,1.7633
2012-10-26,1.7451
2012-11-02,1.7147
2012-11-09,1.6063
2012-11-16,1.58
2012-11-23,1.6899
2012-11-30,1.6156
2012-12-07,1.6215
2012-12-14,1.7015
2012-12-21,1.7623
2012-12-28,1.7009
2013-01-04,1.8991
2013-01-11,1.8677
2013-01-18,1.8416
2013-01-25,1.9487
2013-02-01,2.0149
2013-02-08,1.9499
2013-02-15,2.0017
2013-02-22,1.9619
2013-03-01,1.8412
2013-03-08,2.0427
2013-03-15,1.9895
2013-03-22,1.925
2013-03-29,1.8486
2013-04-05,1.7128
2013-04-12,1.7208
2013-04-19,1.7049
2013-04-26,1.6633
2013-05-03,1.7382
2013-05-10,1.8973
2013-05-17,1.9506
2013-05-24,2.0081
2013-05-31,2.1282
2013-06-07,2.1718
2013-06-14,2.1295
2013-06-21,2.531
2013-06-28,2.4857
2013-07-05,2.7391
2013-07-12,2.5821
2013-07-19,2.4839
2013-07-26,2.5624
2013-08-02,2.596
2013-08-09,2.5784
2013-08-16,2.8251
2013-08-23,2.8146
2013-08-30,2.7839
2013-09-06,2.9342
2013-09-13,2.8846
2013-09-20,2.7337
2013-09-27,2.6245
2013-10-04,2.6447
2013-10-11,2.6871
2013-10-18,2.5777
2013-10-25,2.5088
2013-11-01,2.6218
2013-11-08,2.7477
2013-11-15,2.7033
2013-11-22,2.7427
2013-11-29,2.7445
2013-12-06,2.8553
2013-12-13,2.8646
2013-12-20,2.8886
2013-12-27,3.0
2014-01-03,2.9948
2014-01-10,2.8579
2014-01-17,2.8194
2014-01-24,2.715
2014-01-31,2.644
2014-02-07,2.6829
2014-02-14,2.7428
2014-02-21,2.731
2014-02-28,2.6476
2014-03-07,2.7879
2014-03-14,2.6543
2014-03-21,2.7426
2014-03-28,2.7208
2014-04-04,2.7207
2014-04-11,2.6247
2014-04-18,2.7215
2014-04-25,2.6623
2014-05-02,2.5843
2014-05-09,2.6233
2014-05-16,2.5231
2014-05-23,2.5321
2014-05-30,2.4759
2014-06-06,2.5869
2014-06-13,2.6033
2014-06-20,2.6052
2014-06-27,2.534
2014-07-04,2.6383
2014-07-11,2.516
2014-07-18,2.4809
2014-07-25,2.4655
2014-08-01,2.4925
2014-08-08,2.4203
2014-08-15,2.3397
2014-08-22,2.4024
2014-08-29,2.3431
2014-09-05,2.4587
2014-09-12,2.6105
2014-09-19,2.5745
2014-09-26,2.5276
2014-10-03,2.434
2014-10-10,2.2804
2014-10-17,2.1936
2014-10-24,2.2685
2014-10-31,2.3353
2014-11-07,2.2976
2014-11-14,2.3204
2014-11-21,2.3099
2014-11-28,2.164
2014-12-05,2.3065
2014-12-12,2.0817
2014-12-19,2.1618
2014-12-26,2.2499
2015-01-02,2.1105
2015-01-09,1.9449
2015-01-16,1.8368
2015-01-23,1.7968
2015-01-30,1.6407
2015-02-06,1.9567
2015-02-13,2.0504
2015-02-20,2.1117
2015-02-27,1.993
2015-03-06,2.2414
2015-03-13,2.114
2015-03-20,1.9303
2015-03-27,1.9615
2015-04-03,1.8389
2015-04-10,1.9473
2015-04-17,1.8653
2015-04-24,1.9086
2015-05-01,2.1135
2015-05-08,2.1478
2015-05-15,2.1424
2015-05-22,2.2092
2015-05-29,2.1214
2015-06-05,2.4076
2015-06-12,2.3918
2015-06-19,2.2577
2015-06-26,2.4726
2015-07-03,2.3823
2015-07-10,2.3972
2015-07-17,2.3469
2015-07-24,2.2624
2015-07-31,2.1801
2015-08-07,2.1623
2015-08-14,2.1977
2015-08-21,2.0365
2015-08-28,2.1807
2015-09-04,2.1244
2015-09-11,2.1883
2015-09-18,2.1336
2015-09-25,2.1623
2015-10-02,1.9929
2015-10-09,2.0881
2015-10-16,2.0334
2015-10-23,2.0866
2015-10-30,2.1421
2015-11-06,2.3252
2015-11-13,2.2658
2015-11-20,2.2623
2015-11-27,2.2201
2015-12-04,2.2693
2015-12-11,2.127
2015-12-18,2.204
2015-12-25,2.241
2016-01-01,2.2694
2016-01-08,2.1156
2016-01-15,2.0347
2016-01-22,2.0519
2016-01-29,1.9209
2016-02-05,1.8357
2016-02-12,1.7481
2016-02-19,1.7449
2016-02-26,1.7623
2016-03-04,1.8741
2016-03-11,1.9839
2016-03-18,1.8732
2016-03-25,1.9
2016-04-01,1.7705
2016-04-08,1.7167
2016-04-15,1.7518
2016-04-22,1.8878
2016-04-29,1.8333
2016-05-06,1.7789
2016-05-13,1.7001
2016-05-20,1.8384
2016-05-27,1.851
2016-06-03,1.7004
2016-06-10,1.6404
2016-06-17,1.6078
2016-06-24,1.5599
2016-07-01,1.4441
2016-07-08,1.3579
2016-07-15,1.5509
2016-07-22,1.5663
2016-07-29,1.4531
2016-08-05,1.5885
2016-08-12,1.5135
2016-08-19,1.5781
2016-08-26,1.6296
2016-09-02,1.6024
2016-09-09,1.6749
2016-09-16,1.6926
2016-09-23,1.6184
2016-09-30,1.5944
2016-10-07,1.7181
2016-10-14,1.7977
2016-10-21,1.7347
2016-10-28,1.8468
2016-11-04,1.7762
2016-11-11,2.1501
2016-11-18,2.3548
2016-11-25,2.3572
2016-12-02,2.3831
2016-12-09,2.4675
2016-12-16,2.5916
2016-12-23,2.5373
2016-12-30,2.4443
2017-01-06,2.4193
2017-01-13,2.3964
2017-01-20,2.4668
2017-01-27,2.4843
2017-02-03,2.4648
2017-02-10,2.4073
2017-02-17,2.4147
2017-02-24,2.3117
2017-03-03,2.478
2017-03-10,2.5745
2017-03-17,2.5005
2017-03-24,2.4123
2017-03-31,2.3874
2017-04-07,2.3822
2017-04-14,2.2374
2017-04-21,2.248
2017-04-28,2.2802
2017-05-05,2.3487
2017-05-12,2.3257
2017-05-19,2.2346
2017-05-26,2.2465
2017-06-02,2.1591
2017-06-09,2.2005
2017-06-16,2.1514
2017-06-23,2.1423
2017-06-30,2.3037
2017-07-07,2.3856
2017-07-14,2.3319
2017-07-21,2.2375
2017-07-28,2.2889
2017-08-04,2.262
2017-08-11,2.1888
2017-08-18,2.1939
2017-08-25,2.1659
2017-09-01,2.1657
2017-09-08,2.0507
2017-09-15,2.2023
2017-09-22,2.2499
2017-09-29,2.3336
2017-10-06,2.3589
2017-10-13,2.273
2017-10-20,2.3845
2017-10-27,2.4064
2017-11-03,2.3325
2017-11-10,2.3984
2017-11-17,2.3435
2017-11-24,2.3418
2017-12-01,2.3615
2017-12-08,2.376
2017-12-15,2.353
2017-12-22,2.481
2017-12-29,2.4054
2018-01-05,2.4763
2018-01-12,2.5462
2018-01-19,2.6592
2018-01-26,2.6599
2018-02-02,2.8411
2018-02-09,2.8512
2018-02-16,2.8749
2018-02-23,2.866
2018-03-02,2.8643
2018-03-09,2.8938
2018-03-16,2.8445
2018-03-23,2.8135
2018-03-30,2.7389
2018-04-06,2.7735
2018-04-13,2.8267
2018-04-20,2.9602
2018-04-27,2.9568
2018-05-04,2.9497
2018-05-11,2.9695
2018-05-18,3.0559
2018-05-25,2.9313
2018-06-01,2.9022
2018-06-08,2.9461
2018-06-15,2.9205
2018-06-22,2.8949
2018-06-29,2.8601
2018-07-06,2.8217
2018-07-13,2.8271
2018-07-20,2.8931
2018-07-27,2.9542
2018-08-03,2.9488
2018-08-10,2.8732
2018-08-17,2.8605
2018-08-24,2.8098
2018-08-31,2.8604
2018-09-07,2.9388
2018-09-14,2.9959
2018-09-21,3.0628
2018-09-28,3.0612
2018-10-05,3.2328
2018-10-12,3.1613
2018-10-19,3.1921
2018-10-26,3.0755
2018-11-02,3.2121
2018-11-09,3.1819
2018-11-16,3.0628
2018-11-23,3.039
2018-11-30,2.9879
2018-12-07,2.845
2018-12-14,2.8895
2018-12-21,2.7902
2018-12-28,2.7182
2019-01-04,2.6677
2019-01-11,2.7007
2019-01-18,2.7842
2019-01-25,2.7585
2019-02-01,2.6842
2019-02-08,2.6339
2019-02-15,2.6626
2019-02-22,2.6518
2019-03-01,2.7531
2019-03-08,2.6285
2019-03-15,2.5871
2019-03-22,2.439
2019-03-29,2.405
2019-04-05,2.4954
2019-04-12,2.5651
2019-04-19,2.5596
2019-04-26,2.4982
2019-05-03,2.525
2019-05-10,2.4672
2019-05-17,2.3909
2019-05-24,2.3202
2019-05-31,2.1246
2019-06-07,2.0809
2019-06-14,2.0804
2019-06-21,2.054
2019-06-28,2.0051
2019-07-05,2.0338
2019-07-12,2.1219
2019-07-19,2.0552
2019-07-26,2.0703
2019-08-02,1.8452
2019-08-09,1.7447
2019-08-16,1.5538
2019-08-23,1.5351
2019-08-30,1.4961
2019-09-06,1.5602
2019-09-13,1.8958
2019-09-20,1.7215
2019-09-27,1.6801
2019-10-04,1.529
2019-10-11,1.729
2019-10-18,1.7536
2019-10-25,1.7943
2019-11-01,1.7103
2019-11-08,1.9417
2019-11-15,1.8308
2019-11-22,1.7706
2019-11-29,1.7758
2019-12-06,1.8363
2019-12-13,1.8226
2019-12-20,1.9171
2019-12-27,1.8752
2020-01-03,1.7881
2020-01-10,1.8196
2020-01-17,1.8215
2020-01-24,1.6839
2020-01-31,1.5068
2020-02-07,1.5834
2020-02-14,1.5848
2020-02-21,1.4713
2020-02-28,1.1486
2020-03-06,0.7623
2020-03-13,0.9603
2020-03-20,0.8454
2020-03-27,0.6746
2020-04-03,0.5948
2020-04-10,0.7191
2020-04-17,0.6417
2020-04-24,0.6008
2020-05-01,0.6118
2020-05-08,0.6831
2020-05-15,0.6428
2020-05-22,0.6591
2020-05-29,0.6526
2020-06-05,0.8951
2020-06-12,0.7034
2020-06-19,0.6937
2020-06-26,0.6413
2020-07-03,0.6693
2020-07-10,0.6447
2020-07-17,0.6266
2020-07-24,0.5888
2020-07-31,0.5282
2020-08-07,0.564
2020-08-14,0.7094
2020-08-21,0.6282
2020-08-28,0.7211
2020-09-04,0.718
2020-09-11,0.6658
2020-09-18,0.6937
2020-09-25,0.6544
2020-10-02,0.7005
2020-10-09,0.7737
2020-10-16,0.7456
2020-10-23,0.8429
2020-10-30,0.8737
2020-11-06,0.8185
2020-11-13,0.8963
2020-11-20,0.8243
2020-11-27,0.8373
2020-12-04,0.9659
2020-12-11,0.8964
2020-12-18,0.9462
2020-12-25,0.9231
2021-01-01,0.9132
2021-01-08,1.1153
2021-01-15,1.0835
2021-01-22,1.0855
2021-01-29,1.0655
2021-02-05,1.1635
2021-02-12,1.2082
2021-02-19,1.3364
2021-02-26,1.4049
2021-03-05,1.5661
2021-03-12,1.6247
2021-03-19,1.721
2021-03-26,1.676
2021-04-02,1.7216
2021-04-09,1.6585
2021-04-16,1.5798
2021-04-23,1.5577
2021-04-30,1.6259
2021-05-07,1.5771
2021-05-14,1.6284
2021-05-21,1.6216
2021-05-28,1.5943
2021-06-04,1.5534
2021-06-11,1.4518
2021-06-18,1.4381
2021-06-25,1.5241
2021-07-02,1.4238
2021-07-09,1.3595
2021-07-16,1.2903
2021-07-23,1.2763
2021-07-30,1.2223
2021-08-06,1.2969
2021-08-13,1.2767
2021-08-20,1.255
2021-08-27,1.307
2021-09-03,1.3223
2021-09-10,1.3411
2021-09-17,1.3616
2021-09-24,1.4509
2021-10-01,1.4616
2021-10-08,1.6118
2021-10-15,1.5703
2021-10-22,1.6324
2021-10-29,1.5521
2021-11-05,1.4513
2021-11-12,1.5613
2021-11-19,1.5462
2021-11-26,1.4731
2021-12-03,1.343
2021-12-10,1.4837
2021-12-17,1.4021
2021-12-24,1.4927
2021-12-31,1.5101
2022-01-07,1.762
2022-01-14,1.7841
2022-01-21,1.7581
2022-01-28,1.7694
2022-02-04,1.9085
2022-02-11,1.9371
2022-02-18,1.9286
2022-02-25,1.9617
2022-03-04,1.7307
2022-03-11,1.9917
2022-03-18,2.1494
2022-03-25,2.4731
2022-04-01,2.3822
2022-04-08,2.7
2022-04-15,2.8275
2022-04-22,2.8987
2022-04-29,2.9336
2022-05-06,3.1265
2022-05-13,2.9185
2022-05-20,2.7811
2022-05-27,2.7378
2022-06-03,2.9332
2022-06-10,3.1555
2022-06-17,3.2256
2022-06-24,3.1301
2022-07-01,2.8803
2022-07-08,3.0803
2022-07-15,2.9152
2022-07-22,2.7504
2022-07-29,2.6487
2022-08-05,2.8268
2022-08-12,2.8312
2022-08-19,2.9721
2022-08-26,3.0409
2022-09-02,3.1894
2022-09-09,3.3097
2022-09-16,3.4494
2022-09-23,3.6846
2022-09-30,3.8286
2022-10-07,3.8814
2022-10-14,4.0184
2022-10-21,4.2167
2022-10-28,4.0123
2022-11-04,4.1584
2022-11-11,3.8125
2022-11-18,3.8288
2022-11-25,3.6776
2022-12-02,3.4862
2022-12-09,3.5783
2022-12-16,3.4822
2022-12-23,3.7472
2022-12-30,3.8748
2023-01-06,3.558
2023-01-13,3.5035
2023-01-20,3.4787
2023-01-27,3.5035
2023-02-03,3.5246
2023-02-10,3.732
2023-02-17,3.8148
2023-02-24,3.9432
2023-03-03,3.9517
2023-03-10,3.6987
2023-03-17,3.4286
2023-03-24,3.3762
2023-03-31,3.4676
2023-04-07,3.3906
2023-04-14,3.5128
2023-04-21,3.5718
2023-04-28,3.422
2023-05-05,3.437
2023-05-12,3.4625
2023-05-19,3.6726
2023-05-26,3.7983
2023-06-02,3.6907
2023-06-09,3.7394
2023-06-16,3.7613
2023-06-23,3.7347
2023-06-30,3.8367
2023-07-07,4.0616
2023-07-14,3.8322
2023-07-21,3.8349
2023-07-28,3.9507
2023-08-04,4.0338
2023-08-11,4.1522
2023-08-18,4.2546
2023-08-25,4.2354
2023-09-01,4.1788
2023-09-08,4.2641
2023-09-15,4.3324
2023-09-22,4.4337
2023-09-29,4.5711
2023-10-06,4.8009
2023-10-13,4.6124
2023-10-20,4.9137
2023-10-27,4.8346
2023-11-03,4.5724
2023-11-10,4.6518
2023-11-17,4.4354
2023-11-24,4.4665
2023-12-01,4.1956
2023-12-08,4.2256
2023-12-15,3.911
2023-12-22,3.895
2023-12-29,3.8791
2024-01-05,4.0457
2024-01-12,3.939
2024-01-19,4.1226
2024-01-26,4.1373
2024-02-02,4.0199
2024-02-09,4.1754
2024-02-16,4.2792
2024-02-23,4.248
2024-03-01,4.1798
2024-03-08,4.0749
2024-03-15,4.3063
2024-03-22,4.1981
2024-03-29,4.2003
2024-04-05,4.4016
2024-04-12,4.5216
2024-04-19,4.6207
2024-04-26,4.663
2024-05-03,4.5077
2024-05-10,4.4963
2024-05-17,4.4198
2024-05-24,4.465
2024-05-31,4.4985
2024-06-07,4.4335
2024-06-14,4.2209
2024-06-21,4.2554
2024-06-28,4.3961
2024-07-05,4.2784
2024-07-12,4.1829
2024-07-19,4.2389
2024-07-26,4.1939
2024-08-02,3.7904
2024-08-09,3.9398
2024-08-16,3.8826
2024-08-23,3.799
2024-08-30,3.9034
2024-09-06,3.708
2024-09-13,3.6513
2024-09-20,3.7413
2024-09-27,3.7506
2024-10-04,3.9672
2024-10-11,4.1003
2024-10-18,4.0828
2024-10-25,4.2399
2024-11-01,4.3836
2024-11-08,4.3043
2024-11-15,4.4394
2024-11-22,4.4002
2024-11-29,4.1685
2024-12-06,4.1529
2024-12-13,4.3967
2024-12-20,4.5222
2024-12-27,4.6253
2025-01-03,4.5975
2025-01-10,4.7592
2025-01-17,4.627
2025-01-24,4.6214
2025-01-31,4.5387
2025-02-07,4.4947
2025-02-14,4.4762
2025-02-21,4.4313
2025-02-28,4.2082
2025-03-07,4.3011
2025-03-14,4.3121
2025-03-21,4.2462
2025-03-28,4.2494
2025-04-04,3.9943
2025-04-11,4.4895
2025-04-18,4.3249
2025-04-25,4.2353
2025-05-02,4.3083
2025-05-09,4.3785
2025-05-16,4.477
2025-05-23,4.511
2025-05-30,4.4004
2025-06-06,4.5056
2025-06-13,4.3987
2025-06-20,4.3751
2025-06-27,4.2769
2025-07-04,4.3457
2025-07-11,4.4093
2025-07-18,4.4155
2025-07-25,4.3878
2025-08-01,4.2159
2025-08-08,4.2829
2025-08-15,4.316
2025-08-22,4.2537
2025-08-29,4.2284
2025-09-05,4.0742
2025-09-12,4.0643
2025-09-19,4.1274
2025-09-26,4.1755
2025-10-03,4.1192
2025-10-10,4.0322
2025-10-17,4.0088
2025-10-24,4.0007
2025-10-31,4.0775
2025-11-07,4.0966
2025-11-14,4.1483
2025-11-21,4.0633
2025-11-28,4.0132
2025-12-05,4.1351
2025-12-12,4.1841
2025-12-19,4.1471
2025-12-26,4.1277
2026-01-02,4.1907
2026-01-09,4.1653
2026-01-16,4.2229
2026-01-23,4.2252
2026-01-30,4.2355
2026-02-06,4.206
2026-02-13,4.0483
2026-02-20,4.0826
2026-02-27,3.9375
2026-03-06,4.1383
2026-03-13,4.2767
2026-03-20,4.3796
2026-03-27,4.4278
2026-04-03,4.3406
2026-04-10,4.317
2026-04-17,4.248
2026-04-24,4.3007
2026-05-01,4.3698
2026-05-08,4.3541
2026-05-15,4.5934
2026-05-22,4.5578
2026-05-29,4.4355
2026-06-05,4.5303
