date,INTL_DE2Y
2001-01-05,4.206
2001-01-12,4.476
2001-01-19,4.389
2001-01-26,4.535
2001-02-02,4.42
2001-02-09,4.422
2001-02-16,4.491
2001-02-23,4.485
2001-03-02,4.397
2001-03-09,4.4
2001-03-16,4.202
2001-03-23,4.094
2001-03-30,4.138
2001-04-06,4.125
2001-04-13,4.408
2001-04-20,4.446
2001-04-27,4.49
2001-05-04,4.506
2001-05-11,4.262
2001-05-18,4.373
2001-05-25,4.376
2001-06-01,4.319
2001-06-08,4.328
2001-06-15,4.31
2001-06-22,4.218
2001-06-29,4.281
2001-07-06,4.313
2001-07-13,4.283
2001-07-20,4.223
2001-07-27,4.152
2001-08-03,4.126
2001-08-10,4.013
2001-08-17,3.963
2001-08-24,4.07
2001-08-31,3.947
2001-09-07,3.93
2001-09-14,3.565
2001-09-21,3.485
2001-09-28,3.481
2001-10-05,3.329
2001-10-12,3.437
2001-10-19,3.357
2001-10-26,3.284
2001-11-02,3.104
2001-11-09,3.061
2001-11-16,3.408
2001-11-23,3.519
2001-11-30,3.387
2001-12-07,3.701
2001-12-14,3.588
2001-12-21,3.593
2001-12-28,3.644
2002-01-04,3.677
2002-01-11,3.716
2002-01-18,3.71
2002-01-25,3.958
2002-02-01,3.884
2002-02-08,3.829
2002-02-15,3.839
2002-02-22,3.826
2002-03-01,3.902
2002-03-08,4.117
2002-03-15,4.249
2002-03-22,4.32
2002-03-29,4.334
2002-04-05,4.173
2002-04-12,4.139
2002-04-19,4.162
2002-04-26,4.031
2002-05-03,4.1
2002-05-10,4.209
2002-05-17,4.351
2002-05-24,4.221
2002-05-31,4.247
2002-06-07,4.176
2002-06-14,4.011
2002-06-21,4.025
2002-06-28,3.925
2002-07-05,3.99
2002-07-12,3.853
2002-07-19,3.803
2002-07-26,3.608
2002-08-02,3.446
2002-08-09,3.452
2002-08-16,3.621
2002-08-23,3.614
2002-08-30,3.477
2002-09-06,3.215
2002-09-13,3.267
2002-09-20,3.188
2002-09-27,3.191
2002-10-04,3.033
2002-10-11,3.188
2002-10-18,3.274
2002-10-25,3.251
2002-11-01,3.108
2002-11-08,3.06
2002-11-15,3.05
2002-11-22,3.07
2002-11-29,3.1
2002-12-06,2.995
2002-12-13,2.851
2002-12-20,2.814
2002-12-27,2.722
2003-01-03,2.798
2003-01-10,2.684
2003-01-17,2.628
2003-01-24,2.573
2003-01-31,2.596
2003-02-07,2.49
2003-02-14,2.441
2003-02-21,2.421
2003-02-28,2.295
2003-03-07,2.244
2003-03-14,2.481
2003-03-21,2.642
2003-03-28,2.503
2003-04-04,2.492
2003-04-11,2.548
2003-04-18,2.585
2003-04-25,2.453
2003-05-02,2.411
2003-05-09,2.316
2003-05-16,2.209
2003-05-23,2.096
2003-05-30,2.116
2003-06-06,2.025
2003-06-13,1.888
2003-06-20,2.032
2003-06-27,2.179
2003-07-04,2.105
2003-07-11,2.138
2003-07-18,2.27
2003-07-25,2.278
2003-08-01,2.643
2003-08-08,2.42
2003-08-15,2.54
2003-08-22,2.62
2003-08-29,2.593
2003-09-05,2.56
2003-09-12,2.442
2003-09-19,2.415
2003-09-26,2.348
2003-10-03,2.568
2003-10-10,2.533
2003-10-17,2.7
2003-10-24,2.634
2003-10-31,2.686
2003-11-07,2.843
2003-11-14,2.671
2003-11-21,2.592
2003-11-28,2.812
2003-12-05,2.659
2003-12-12,2.677
2003-12-19,2.642
2003-12-26,2.606
2004-01-02,2.616
2004-01-09,2.407
2004-01-16,2.437
2004-01-23,2.355
2004-01-30,2.524
2004-02-06,2.362
2004-02-13,2.315
2004-02-20,2.348
2004-02-27,2.215
2004-03-05,2.179
2004-03-12,2.157
2004-03-19,2.106
2004-03-26,2.083
2004-04-02,2.366
2004-04-09,2.281
2004-04-16,2.361
2004-04-23,2.428
2004-04-30,2.439
2004-05-07,2.582
2004-05-14,2.567
2004-05-21,2.539
2004-05-28,2.532
2004-06-04,2.635
2004-06-11,2.752
2004-06-18,2.694
2004-06-25,2.719
2004-07-02,2.638
2004-07-09,2.609
2004-07-16,2.572
2004-07-23,2.658
2004-07-30,2.626
2004-08-06,2.457
2004-08-13,2.43
2004-08-20,2.435
2004-08-27,2.451
2004-09-03,2.6
2004-09-10,2.566
2004-09-17,2.562
2004-09-24,2.597
2004-10-01,2.579
2004-10-08,2.506
2004-10-15,2.435
2004-10-22,2.416
2004-10-29,2.429
2004-11-05,2.493
2004-11-12,2.364
2004-11-19,2.441
2004-11-26,2.331
2004-12-03,2.328
2004-12-10,2.326
2004-12-17,2.405
2004-12-24,2.429
2004-12-31,2.481
2005-01-07,2.439
2005-01-14,2.392
2005-01-21,2.401
2005-01-28,2.391
2005-02-04,2.402
2005-02-11,2.377
2005-02-18,2.484
2005-02-25,2.493
2005-03-04,2.428
2005-03-11,2.435
2005-03-18,2.538
2005-03-25,2.59
2005-04-01,2.467
2005-04-08,2.412
2005-04-15,2.35
2005-04-22,2.312
2005-04-29,2.248
2005-05-06,2.267
2005-05-13,2.234
2005-05-20,2.272
2005-05-27,2.179
2005-06-03,2.114
2005-06-10,2.082
2005-06-17,2.176
2005-06-24,2.035
2005-07-01,2.066
2005-07-08,2.146
2005-07-15,2.225
2005-07-22,2.186
2005-07-29,2.25
2005-08-05,2.334
2005-08-12,2.265
2005-08-19,2.197
2005-08-26,2.225
2005-09-02,2.131
2005-09-09,2.173
2005-09-16,2.25
2005-09-23,2.267
2005-09-30,2.394
2005-10-07,2.461
2005-10-14,2.487
2005-10-21,2.483
2005-10-28,2.623
2005-11-04,2.7
2005-11-11,2.733
2005-11-18,2.829
2005-11-25,2.717
2005-12-02,2.642
2005-12-09,2.793
2005-12-16,2.829
2005-12-23,2.882
2005-12-30,2.862
2006-01-06,2.765
2006-01-13,2.841
2006-01-20,2.903
2006-01-27,2.937
2006-02-03,2.956
2006-02-10,2.918
2006-02-17,2.896
2006-02-24,2.997
2006-03-03,3.111
2006-03-10,3.194
2006-03-17,3.232
2006-03-24,3.175
2006-03-31,3.29
2006-04-07,3.265
2006-04-14,3.323
2006-04-21,3.314
2006-04-28,3.379
2006-05-05,3.394
2006-05-12,3.409
2006-05-19,3.302
2006-05-26,3.264
2006-06-02,3.338
2006-06-09,3.355
2006-06-16,3.385
2006-06-23,3.539
2006-06-30,3.574
2006-07-07,3.605
2006-07-14,3.52
2006-07-21,3.527
2006-07-28,3.512
2006-08-04,3.547
2006-08-11,3.611
2006-08-18,3.63
2006-08-25,3.512
2006-09-01,3.525
2006-09-08,3.637
2006-09-15,3.661
2006-09-22,3.547
2006-09-29,3.585
2006-10-06,3.603
2006-10-13,3.68
2006-10-20,3.698
2006-10-27,3.72
2006-11-03,3.718
2006-11-10,3.692
2006-11-17,3.711
2006-11-24,3.675
2006-12-01,3.627
2006-12-08,3.725
2006-12-15,3.803
2006-12-22,3.859
2006-12-29,3.903
2007-01-05,3.925
2007-01-12,3.95
2007-01-19,3.961
2007-01-26,3.969
2007-02-02,3.913
2007-02-09,3.967
2007-02-16,3.955
2007-02-23,3.968
2007-03-02,3.833
2007-03-09,3.938
2007-03-16,3.909
2007-03-23,3.96
2007-03-30,4.016
2007-04-06,4.039
2007-04-13,4.141
2007-04-20,4.135
2007-04-27,4.17
2007-05-04,4.164
2007-05-11,4.171
2007-05-18,4.275
2007-05-25,4.343
2007-06-01,4.434
2007-06-08,4.47
2007-06-15,4.505
2007-06-22,4.463
2007-06-29,4.462
2007-07-06,4.537
2007-07-13,4.517
2007-07-20,4.417
2007-07-27,4.27
2007-08-03,4.278
2007-08-10,4.213
2007-08-17,3.961
2007-08-24,4.024
2007-08-31,4.013
2007-09-07,3.913
2007-09-14,3.986
2007-09-21,4.057
2007-09-28,4.028
2007-10-05,4.023
2007-10-12,4.196
2007-10-19,3.996
2007-10-26,3.948
2007-11-02,3.944
2007-11-09,3.813
2007-11-16,3.798
2007-11-23,3.645
2007-11-30,3.831
2007-12-07,3.908
2007-12-14,4.044
2007-12-21,3.969
2007-12-28,3.977
2008-01-04,3.731
2008-01-11,3.728
2008-01-18,3.476
2008-01-25,3.457
2008-02-01,3.376
2008-02-08,3.089
2008-02-15,3.117
2008-02-22,3.336
2008-02-29,3.16
2008-03-07,3.267
2008-03-14,3.246
2008-03-21,3.27
2008-03-28,3.465
2008-04-04,3.486
2008-04-11,3.41
2008-04-18,3.832
2008-04-25,3.856
2008-05-02,3.828
2008-05-09,3.699
2008-05-16,3.977
2008-05-23,4.205
2008-05-30,4.316
2008-06-06,4.636
2008-06-13,4.621
2008-06-20,4.605
2008-06-27,4.443
2008-07-04,4.405
2008-07-11,4.413
2008-07-18,4.54
2008-07-25,4.419
2008-08-01,4.263
2008-08-08,4.055
2008-08-15,4.001
2008-08-22,4.133
2008-08-29,4.111
2008-09-05,3.968
2008-09-12,3.963
2008-09-19,4.003
2008-09-26,3.662
2008-10-03,3.284
2008-10-10,3.038
2008-10-17,2.953
2008-10-24,2.667
2008-10-31,2.542
2008-11-07,2.411
2008-11-14,2.22
2008-11-21,2.091
2008-11-28,2.188
2008-12-05,2.054
2008-12-12,2.251
2008-12-19,1.83
2008-12-26,1.745
2009-01-02,1.727
2009-01-09,1.511
2009-01-16,1.478
2009-01-23,1.429
2009-01-30,1.532
2009-02-06,1.394
2009-02-13,1.31
2009-02-20,1.309
2009-02-27,1.311
2009-03-06,1.176
2009-03-13,1.331
2009-03-20,1.319
2009-03-27,1.312
2009-04-03,1.506
2009-04-10,1.386
2009-04-17,1.467
2009-04-24,1.376
2009-05-01,1.329
2009-05-08,1.305
2009-05-15,1.259
2009-05-22,1.308
2009-05-29,1.419
2009-06-05,1.674
2009-06-12,1.682
2009-06-19,1.453
2009-06-26,1.324
2009-07-03,1.237
2009-07-10,1.199
2009-07-17,1.253
2009-07-24,1.324
2009-07-31,1.263
2009-08-07,1.581
2009-08-14,1.299
2009-08-21,1.375
2009-08-28,1.255
2009-09-04,1.094
2009-09-11,1.199
2009-09-18,1.288
2009-09-25,1.215
2009-10-02,1.204
2009-10-09,1.37
2009-10-16,1.416
2009-10-23,1.378
2009-10-30,1.288
2009-11-06,1.276
2009-11-13,1.198
2009-11-20,1.324
2009-11-27,1.25
2009-12-04,1.345
2009-12-11,1.26
2009-12-18,1.149
2009-12-25,1.188
2010-01-01,1.332
2010-01-08,1.244
2010-01-15,1.135
2010-01-22,1.112
2010-01-29,1.119
2010-02-05,0.989
2010-02-12,0.983
2010-02-19,1.086
2010-02-26,0.955
2010-03-05,1.0
2010-03-12,1.049
2010-03-19,1.003
2010-03-26,1.0
2010-04-02,0.955
2010-04-09,0.968
2010-04-16,0.889
2010-04-23,0.902
2010-04-30,0.771
2010-05-07,0.532
2010-05-14,0.556
2010-05-21,0.512
2010-05-28,0.519
2010-06-04,0.476
2010-06-11,0.464
2010-06-18,0.581
2010-06-25,0.569
2010-07-02,0.666
2010-07-09,0.768
2010-07-16,0.776
2010-07-23,0.749
2010-07-30,0.784
2010-08-06,0.746
2010-08-13,0.655
2010-08-20,0.61
2010-08-27,0.633
2010-09-03,0.641
2010-09-10,0.736
2010-09-17,0.774
2010-09-24,0.729
2010-10-01,0.853
2010-10-08,0.786
2010-10-15,0.814
2010-10-22,1.003
2010-10-29,0.989
2010-11-05,0.915
2010-11-12,1.024
2010-11-19,1.107
2010-11-26,0.928
2010-12-03,0.858
2010-12-10,1.078
2010-12-17,1.058
2010-12-24,0.943
2010-12-31,0.864
2011-01-07,0.866
2011-01-14,1.151
2011-01-21,1.289
2011-01-28,1.362
2011-02-04,1.435
2011-02-11,1.406
2011-02-18,1.396
2011-02-25,1.536
2011-03-04,1.76
2011-03-11,1.647
2011-03-18,1.629
2011-03-25,1.729
2011-04-01,1.817
2011-04-08,1.903
2011-04-15,1.842
2011-04-22,1.753
2011-04-29,1.767
2011-05-06,1.757
2011-05-13,1.774
2011-05-20,1.767
2011-05-27,1.559
2011-06-03,1.688
2011-06-10,1.534
2011-06-17,1.51
2011-06-24,1.352
2011-07-01,1.647
2011-07-08,1.449
2011-07-15,1.211
2011-07-22,1.383
2011-07-29,1.158
2011-08-05,0.76
2011-08-12,0.685
2011-08-19,0.642
2011-08-26,0.647
2011-09-02,0.515
2011-09-09,0.386
2011-09-16,0.507
2011-09-23,0.389
2011-09-30,0.547
2011-10-07,0.599
2011-10-14,0.659
2011-10-21,0.659
2011-10-28,0.601
2011-11-04,0.401
2011-11-11,0.399
2011-11-18,0.462
2011-11-25,0.456
2011-12-02,0.299
2011-12-09,0.315
2011-12-16,0.216
2011-12-23,0.22
2011-12-30,0.139
2012-01-06,0.163
2012-01-13,0.15
2012-01-20,0.205
2012-01-27,0.188
2012-02-03,0.201
2012-02-10,0.236
2012-02-17,0.25
2012-02-24,0.235
2012-03-02,0.158
2012-03-09,0.156
2012-03-16,0.331
2012-03-23,0.228
2012-03-30,0.204
2012-04-06,0.138
2012-04-13,0.124
2012-04-20,0.136
2012-04-27,0.099
2012-05-04,0.079
2012-05-11,0.088
2012-05-18,0.048
2012-05-25,0.044
2012-06-01,0.01
2012-06-08,0.04
2012-06-15,0.066
2012-06-22,0.133
2012-06-29,0.12
2012-07-06,-0.013
2012-07-13,-0.045
2012-07-20,-0.077
2012-07-27,-0.032
2012-08-03,-0.024
2012-08-10,-0.077
2012-08-17,-0.044
2012-08-24,-0.015
2012-08-31,-0.037
2012-09-07,0.03
2012-09-14,0.101
2012-09-21,0.032
2012-09-28,0.018
2012-10-05,0.055
2012-10-12,0.039
2012-10-19,0.109
2012-10-26,0.048
2012-11-02,0.003
2012-11-09,-0.036
2012-11-16,-0.036
2012-11-23,-0.005
2012-11-30,0.007
2012-12-07,-0.08
2012-12-14,-0.045
2012-12-21,-0.013
2012-12-28,-0.017
2013-01-04,0.073
2013-01-11,0.132
2013-01-18,0.181
2013-01-25,0.254
2013-02-01,0.245
2013-02-08,0.178
2013-02-15,0.184
2013-02-22,0.125
2013-03-01,0.027
2013-03-08,0.086
2013-03-15,0.044
2013-03-22,0.026
2013-03-29,-0.026
2013-04-05,0.011
2013-04-12,0.014
2013-04-19,0.019
2013-04-26,-0.002
2013-05-03,-0.002
2013-05-10,0.049
2013-05-17,-0.032
2013-05-24,0.007
2013-05-31,0.067
2013-06-07,0.177
2013-06-14,0.125
2013-06-21,0.262
2013-06-28,0.187
2013-07-05,0.111
2013-07-12,0.101
2013-07-19,0.084
2013-07-26,0.149
2013-08-02,0.151
2013-08-09,0.16
2013-08-16,0.218
2013-08-23,0.281
2013-08-30,0.235
2013-09-06,0.265
2013-09-13,0.22
2013-09-20,0.209
2013-09-27,0.167
2013-10-04,0.173
2013-10-11,0.178
2013-10-18,0.172
2013-10-25,0.183
2013-11-01,0.112
2013-11-08,0.098
2013-11-15,0.107
2013-11-22,0.133
2013-11-29,0.114
2013-12-06,0.213
2013-12-13,0.242
2013-12-20,0.222
2013-12-27,0.239
2014-01-03,0.206
2014-01-10,0.184
2014-01-17,0.17
2014-01-24,0.123
2014-01-31,0.066
2014-02-07,0.09
2014-02-14,0.11
2014-02-21,0.118
2014-02-28,0.127
2014-03-07,0.177
2014-03-14,0.15
2014-03-21,0.205
2014-03-28,0.141
2014-04-04,0.161
2014-04-11,0.156
2014-04-18,0.169
2014-04-25,0.168
2014-05-02,0.124
2014-05-09,0.132
2014-05-16,0.092
2014-05-23,0.061
2014-05-30,0.061
2014-06-06,0.051
2014-06-13,0.026
2014-06-20,0.035
2014-06-27,0.033
2014-07-04,0.018
2014-07-11,0.016
2014-07-18,0.025
2014-07-25,0.024
2014-08-01,0.018
2014-08-08,0.006
2014-08-15,-0.014
2014-08-22,0.002
2014-08-29,-0.033
2014-09-05,-0.074
2014-09-12,-0.06
2014-09-19,-0.071
2014-09-26,-0.071
2014-10-03,-0.068
2014-10-10,-0.057
2014-10-17,-0.054
2014-10-24,-0.04
2014-10-31,-0.058
2014-11-07,-0.061
2014-11-14,-0.046
2014-11-21,-0.041
2014-11-28,-0.034
2014-12-05,-0.017
2014-12-12,-0.046
2014-12-19,-0.086
2014-12-26,-0.099
2015-01-02,-0.114
2015-01-09,-0.122
2015-01-16,-0.165
2015-01-23,-0.169
2015-01-30,-0.187
2015-02-06,-0.209
2015-02-13,-0.223
2015-02-20,-0.225
2015-02-27,-0.229
2015-03-06,-0.211
2015-03-13,-0.234
2015-03-20,-0.24
2015-03-27,-0.249
2015-04-03,-0.257
2015-04-10,-0.281
2015-04-17,-0.272
2015-04-24,-0.264
2015-05-01,-0.227
2015-05-08,-0.208
2015-05-15,-0.199
2015-05-22,-0.219
2015-05-29,-0.229
2015-06-05,-0.182
2015-06-12,-0.187
2015-06-19,-0.206
2015-06-26,-0.193
2015-07-03,-0.256
2015-07-10,-0.212
2015-07-17,-0.222
2015-07-24,-0.227
2015-07-31,-0.235
2015-08-07,-0.263
2015-08-14,-0.272
2015-08-21,-0.258
2015-08-28,-0.212
2015-09-04,-0.239
2015-09-11,-0.234
2015-09-18,-0.238
2015-09-25,-0.246
2015-10-02,-0.269
2015-10-09,-0.251
2015-10-16,-0.272
2015-10-23,-0.322
2015-10-30,-0.317
2015-11-06,-0.294
2015-11-13,-0.373
2015-11-20,-0.393
2015-11-27,-0.419
2015-12-04,-0.307
2015-12-11,-0.353
2015-12-18,-0.358
2015-12-25,-0.337
2016-01-01,-0.349
2016-01-08,-0.398
2016-01-15,-0.397
2016-01-22,-0.449
2016-01-29,-0.49
2016-02-05,-0.496
2016-02-12,-0.511
2016-02-19,-0.534
2016-02-26,-0.549
2016-03-04,-0.542
2016-03-11,-0.467
2016-03-18,-0.478
2016-03-25,-0.486
2016-04-01,-0.484
2016-04-08,-0.518
2016-04-15,-0.513
2016-04-22,-0.504
2016-04-29,-0.485
2016-05-06,-0.517
2016-05-13,-0.515
2016-05-20,-0.508
2016-05-27,-0.525
2016-06-03,-0.537
2016-06-10,-0.547
2016-06-17,-0.609
2016-06-24,-0.649
2016-07-01,-0.653
2016-07-08,-0.696
2016-07-15,-0.653
2016-07-22,-0.618
2016-07-29,-0.632
2016-08-05,-0.619
2016-08-12,-0.629
2016-08-19,-0.615
2016-08-26,-0.62
2016-09-02,-0.638
2016-09-09,-0.64
2016-09-16,-0.66
2016-09-23,-0.677
2016-09-30,-0.693
2016-10-07,-0.671
2016-10-14,-0.666
2016-10-21,-0.667
2016-10-28,-0.624
2016-11-04,-0.645
2016-11-11,-0.61
2016-11-18,-0.674
2016-11-25,-0.757
2016-12-02,-0.746
2016-12-09,-0.771
2016-12-16,-0.805
2016-12-23,-0.808
2016-12-30,-0.8
2017-01-06,-0.735
2017-01-13,-0.724
2017-01-20,-0.68
2017-01-27,-0.674
2017-02-03,-0.749
2017-02-10,-0.8
2017-02-17,-0.822
2017-02-24,-0.956
2017-03-03,-0.814
2017-03-10,-0.842
2017-03-17,-0.783
2017-03-24,-0.75
2017-03-31,-0.75
2017-04-07,-0.816
2017-04-14,-0.869
2017-04-21,-0.799
2017-04-28,-0.74
2017-05-05,-0.686
2017-05-12,-0.684
2017-05-19,-0.688
2017-05-26,-0.692
2017-06-02,-0.73
2017-06-09,-0.74
2017-06-16,-0.666
2017-06-23,-0.63
2017-06-30,-0.581
2017-07-07,-0.605
2017-07-14,-0.617
2017-07-21,-0.645
2017-07-28,-0.685
2017-08-04,-0.692
2017-08-11,-0.723
2017-08-18,-0.709
2017-08-25,-0.736
2017-09-01,-0.731
2017-09-08,-0.765
2017-09-15,-0.703
2017-09-22,-0.688
2017-09-29,-0.697
2017-10-06,-0.704
2017-10-13,-0.731
2017-10-20,-0.721
2017-10-27,-0.773
2017-11-03,-0.759
2017-11-10,-0.751
2017-11-17,-0.718
2017-11-24,-0.701
2017-12-01,-0.711
2017-12-08,-0.745
2017-12-15,-0.724
2017-12-22,-0.65
2017-12-29,-0.639
2018-01-05,-0.614
2018-01-12,-0.574
2018-01-19,-0.61
2018-01-26,-0.553
2018-02-02,-0.548
2018-02-09,-0.576
2018-02-16,-0.576
2018-02-23,-0.544
2018-03-02,-0.561
2018-03-09,-0.568
2018-03-16,-0.602
2018-03-23,-0.62
2018-03-30,-0.614
2018-04-06,-0.596
2018-04-13,-0.59
2018-04-20,-0.569
2018-04-27,-0.584
2018-05-04,-0.587
2018-05-11,-0.588
2018-05-18,-0.594
2018-05-25,-0.632
2018-06-01,-0.639
2018-06-08,-0.658
2018-06-15,-0.626
2018-06-22,-0.675
2018-06-29,-0.674
2018-07-06,-0.663
2018-07-13,-0.641
2018-07-20,-0.626
2018-07-27,-0.606
2018-08-03,-0.595
2018-08-10,-0.643
2018-08-17,-0.658
2018-08-24,-0.602
2018-08-31,-0.611
2018-09-07,-0.561
2018-09-14,-0.546
2018-09-21,-0.543
2018-09-28,-0.532
2018-10-05,-0.519
2018-10-12,-0.565
2018-10-19,-0.588
2018-10-26,-0.637
2018-11-02,-0.622
2018-11-09,-0.605
2018-11-16,-0.594
2018-11-23,-0.586
2018-11-30,-0.602
2018-12-07,-0.605
2018-12-14,-0.615
2018-12-21,-0.615
2018-12-28,-0.619
2019-01-04,-0.604
2019-01-11,-0.592
2019-01-18,-0.587
2019-01-25,-0.586
2019-02-01,-0.587
2019-02-08,-0.584
2019-02-15,-0.563
2019-02-22,-0.571
2019-03-01,-0.516
2019-03-08,-0.542
2019-03-15,-0.547
2019-03-22,-0.571
2019-03-29,-0.611
2019-04-05,-0.583
2019-04-12,-0.566
2019-04-19,-0.581
2019-04-26,-0.604
2019-05-03,-0.593
2019-05-10,-0.622
2019-05-17,-0.653
2019-05-24,-0.64
2019-05-31,-0.673
2019-06-07,-0.678
2019-06-14,-0.701
2019-06-21,-0.743
2019-06-28,-0.758
2019-07-05,-0.756
2019-07-12,-0.734
2019-07-19,-0.777
2019-07-26,-0.758
2019-08-02,-0.794
2019-08-09,-0.87
2019-08-16,-0.919
2019-08-23,-0.898
2019-08-30,-0.933
2019-09-06,-0.875
2019-09-13,-0.715
2019-09-20,-0.725
2019-09-27,-0.776
2019-10-04,-0.789
2019-10-11,-0.729
2019-10-18,-0.673
2019-10-25,-0.66
2019-11-01,-0.663
2019-11-08,-0.621
2019-11-15,-0.641
2019-11-22,-0.643
2019-11-29,-0.636
2019-12-06,-0.632
2019-12-13,-0.626
2019-12-20,-0.643
2019-12-27,-0.641
2020-01-03,-0.63
2020-01-10,-0.604
2020-01-17,-0.595
2020-01-24,-0.616
2020-01-31,-0.674
2020-02-07,-0.646
2020-02-14,-0.661
2020-02-21,-0.647
2020-02-28,-0.776
2020-03-06,-0.867
2020-03-13,-0.892
2020-03-20,-0.693
2020-03-27,-0.719
2020-04-03,-0.688
2020-04-10,-0.659
2020-04-17,-0.705
2020-04-24,-0.716
2020-05-01,-0.777
2020-05-08,-0.785
2020-05-15,-0.744
2020-05-22,-0.692
2020-05-29,-0.668
2020-06-05,-0.607
2020-06-12,-0.679
2020-06-19,-0.678
2020-06-26,-0.709
2020-07-03,-0.693
2020-07-10,-0.7
2020-07-17,-0.673
2020-07-24,-0.662
2020-07-31,-0.72
2020-08-07,-0.691
2020-08-14,-0.654
2020-08-21,-0.689
2020-08-28,-0.672
2020-09-04,-0.705
2020-09-11,-0.699
2020-09-18,-0.7
2020-09-25,-0.712
2020-10-02,-0.717
2020-10-09,-0.719
2020-10-16,-0.779
2020-10-23,-0.762
2020-10-30,-0.798
2020-11-06,-0.785
2020-11-13,-0.734
2020-11-20,-0.76
2020-11-27,-0.762
2020-12-04,-0.752
2020-12-11,-0.788
2020-12-18,-0.734
2020-12-25,-0.713
2021-01-01,-0.715
2021-01-08,-0.707
2021-01-15,-0.726
2021-01-22,-0.713
2021-01-29,-0.738
2021-02-05,-0.718
2021-02-12,-0.713
2021-02-19,-0.688
2021-02-26,-0.668
2021-03-05,-0.696
2021-03-12,-0.692
2021-03-19,-0.702
2021-03-26,-0.724
2021-04-02,-0.713
2021-04-09,-0.707
2021-04-16,-0.696
2021-04-23,-0.697
2021-04-30,-0.69
2021-05-07,-0.689
2021-05-14,-0.662
2021-05-21,-0.66
2021-05-28,-0.669
2021-06-04,-0.676
2021-06-11,-0.687
2021-06-18,-0.671
2021-06-25,-0.652
2021-07-02,-0.674
2021-07-09,-0.68
2021-07-16,-0.687
2021-07-23,-0.731
2021-07-30,-0.767
2021-08-06,-0.761
2021-08-13,-0.743
2021-08-20,-0.755
2021-08-27,-0.743
2021-09-03,-0.716
2021-09-10,-0.709
2021-09-17,-0.703
2021-09-24,-0.695
2021-10-01,-0.707
2021-10-08,-0.697
2021-10-15,-0.687
2021-10-22,-0.643
2021-10-29,-0.591
2021-11-05,-0.738
2021-11-12,-0.749
2021-11-19,-0.785
2021-11-26,-0.767
2021-12-03,-0.751
2021-12-10,-0.702
2021-12-17,-0.727
2021-12-24,-0.687
2021-12-31,-0.636
2022-01-07,-0.599
2022-01-14,-0.588
2022-01-21,-0.625
2022-01-28,-0.613
2022-02-04,-0.256
2022-02-11,-0.334
2022-02-18,-0.483
2022-02-25,-0.387
2022-03-04,-0.744
2022-03-11,-0.419
2022-03-18,-0.35
2022-03-25,-0.144
2022-04-01,-0.076
2022-04-08,0.046
2022-04-15,0.038
2022-04-22,0.276
2022-04-29,0.254
2022-05-06,0.313
2022-05-13,0.098
2022-05-20,0.327
2022-05-27,0.337
2022-06-03,0.642
2022-06-10,0.962
2022-06-17,1.071
2022-06-24,0.794
2022-07-01,0.499
2022-07-08,0.512
2022-07-15,0.44
2022-07-22,0.405
2022-07-29,0.264
2022-08-05,0.456
2022-08-12,0.598
2022-08-19,0.809
2022-08-26,0.968
2022-09-02,1.084
2022-09-09,1.31
2022-09-16,1.516
2022-09-23,1.9
2022-09-30,1.747
2022-10-07,1.85
2022-10-14,1.945
2022-10-21,2.029
2022-10-28,1.925
2022-11-04,2.12
2022-11-11,2.188
2022-11-18,2.081
2022-11-25,2.178
2022-12-02,2.096
2022-12-09,2.141
2022-12-16,2.415
2022-12-23,2.648
2022-12-30,2.738
2023-01-06,2.573
2023-01-13,2.577
2023-01-20,2.564
2023-01-27,2.571
2023-02-03,2.538
2023-02-10,2.752
2023-02-17,2.866
2023-02-24,3.021
2023-03-03,3.201
2023-03-10,3.081
2023-03-17,2.371
2023-03-24,2.381
2023-03-31,2.673
2023-04-07,2.546
2023-04-14,2.865
2023-04-21,2.91
2023-04-28,2.675
2023-05-05,2.563
2023-05-12,2.584
2023-05-19,2.744
2023-05-26,2.932
2023-06-02,2.796
2023-06-09,2.907
2023-06-16,3.11
2023-06-23,3.099
2023-06-30,3.188
2023-07-07,3.246
2023-07-14,3.197
2023-07-21,3.084
2023-07-28,3.044
2023-08-04,3.008
2023-08-11,3.033
2023-08-18,3.038
2023-08-25,3.027
2023-09-01,2.984
2023-09-08,3.073
2023-09-15,3.21
2023-09-22,3.248
2023-09-29,3.198
2023-10-06,3.128
2023-10-13,3.134
2023-10-20,3.117
2023-10-27,3.031
2023-11-03,2.955
2023-11-10,3.058
2023-11-17,2.958
2023-11-24,3.068
2023-12-01,2.676
2023-12-08,2.689
2023-12-15,2.496
2023-12-22,2.418
2023-12-29,2.392
2024-01-05,2.564
2024-01-12,2.512
2024-01-19,2.734
2024-01-26,2.628
2024-02-02,2.56
2024-02-09,2.713
2024-02-16,2.813
2024-02-23,2.85
2024-03-01,2.886
2024-03-08,2.756
2024-03-15,2.943
2024-03-22,2.824
2024-03-29,2.846
2024-04-05,2.871
2024-04-12,2.851
2024-04-19,2.997
2024-04-26,2.982
2024-05-03,2.92
2024-05-10,2.963
2024-05-17,2.983
2024-05-24,3.084
2024-05-31,3.093
2024-06-07,3.082
2024-06-14,2.759
2024-06-21,2.782
2024-06-28,2.828
2024-07-05,2.884
2024-07-12,2.816
2024-07-19,2.777
2024-07-26,2.612
2024-08-02,2.345
2024-08-09,2.379
2024-08-16,2.43
2024-08-23,2.37
2024-08-30,2.388
2024-09-06,2.226
2024-09-13,2.206
2024-09-20,2.227
2024-09-27,2.074
2024-10-04,2.2
2024-10-11,2.232
2024-10-18,2.104
2024-10-25,2.112
2024-11-01,2.245
2024-11-08,2.18
2024-11-15,2.116
2024-11-22,1.987
2024-11-29,1.945
2024-12-06,1.997
2024-12-13,2.067
2024-12-20,2.024
2024-12-27,2.092
2025-01-03,2.156
2025-01-10,2.28
2025-01-17,2.224
2025-01-24,2.286
2025-01-31,2.11
2025-02-07,2.043
2025-02-14,2.11
2025-02-21,2.102
2025-02-28,2.021
2025-03-07,2.242
2025-03-14,2.181
2025-03-21,2.128
2025-03-28,2.017
2025-04-04,1.822
2025-04-11,1.784
2025-04-18,1.682
2025-04-25,1.716
2025-05-02,1.759
2025-05-09,1.781
2025-05-16,1.85
2025-05-23,1.759
2025-05-30,1.772
2025-06-06,1.879
2025-06-13,1.851
2025-06-20,1.845
2025-06-27,1.857
2025-07-04,1.811
2025-07-11,1.896
2025-07-18,1.865
2025-07-25,1.945
2025-08-01,1.925
2025-08-08,1.952
2025-08-15,1.97
2025-08-22,1.945
2025-08-29,1.937
2025-09-05,1.927
2025-09-12,2.016
2025-09-19,2.019
2025-09-26,2.027
2025-10-03,2.015
2025-10-10,1.957
2025-10-17,1.906
2025-10-24,1.967
2025-10-31,1.966
2025-11-07,1.987
2025-11-14,2.034
2025-11-21,2.012
2025-11-28,2.026
2025-12-05,2.093
2025-12-12,2.152
2025-12-19,2.152
2025-12-26,2.14
2026-01-02,2.138
2026-01-09,2.105
2026-01-16,2.109
2026-01-23,2.127
2026-01-30,2.085
2026-02-06,2.082
2026-02-13,2.035
2026-02-20,2.052
2026-02-27,1.995
2026-03-06,2.307
2026-03-13,2.437
2026-03-20,2.669
2026-03-27,2.67
2026-04-03,2.612
2026-04-10,2.598
2026-04-17,2.405
2026-04-24,2.541
2026-05-01,2.64
2026-05-08,2.595
2026-05-15,2.735
2026-05-22,2.64
2026-05-29,2.526
2026-06-05,2.688
