date,INTL_EURUSD
2001-01-05,0.957
2001-01-12,0.9513
2001-01-19,0.9342
2001-01-26,0.9244
2001-02-02,0.9364
2001-02-09,0.9242
2001-02-16,0.915
2001-02-23,0.9176
2001-03-02,0.9358
2001-03-09,0.9328
2001-03-16,0.8978
2001-03-23,0.8899
2001-03-30,0.8767
2001-04-06,0.9042
2001-04-13,0.8882
2001-04-20,0.9022
2001-04-27,0.8918
2001-05-04,0.8925
2001-05-11,0.8753
2001-05-18,0.8814
2001-05-25,0.8611
2001-06-01,0.8475
2001-06-08,0.8505
2001-06-15,0.861
2001-06-22,0.8576
2001-06-29,0.849
2001-07-06,0.8476
2001-07-13,0.8547
2001-07-20,0.8711
2001-07-27,0.8774
2001-08-03,0.8844
2001-08-10,0.8934
2001-08-17,0.9182
2001-08-24,0.9142
2001-08-31,0.9123
2001-09-07,0.9075
2001-09-14,0.9207
2001-09-21,0.9149
2001-09-28,0.9114
2001-10-05,0.9183
2001-10-12,0.9115
2001-10-19,0.8992
2001-10-26,0.893
2001-11-02,0.9027
2001-11-09,0.8939
2001-11-16,0.8843
2001-11-23,0.878
2001-11-30,0.8964
2001-12-07,0.8902
2001-12-14,0.9039
2001-12-21,0.8892
2001-12-28,0.8855
2002-01-04,0.8949
2002-01-11,0.8924
2002-01-18,0.8848
2002-01-25,0.865
2002-02-01,0.8618
2002-02-08,0.8722
2002-02-15,0.8734
2002-02-22,0.8755
2002-03-01,0.8655
2002-03-08,0.8749
2002-03-15,0.8828
2002-03-22,0.8779
2002-03-29,0.8717
2002-04-05,0.8783
2002-04-12,0.8794
2002-04-19,0.8926
2002-04-26,0.9019
2002-05-03,0.9173
2002-05-10,0.914
2002-05-17,0.9203
2002-05-24,0.9208
2002-05-31,0.9342
2002-06-07,0.9435
2002-06-14,0.9461
2002-06-21,0.9709
2002-06-28,0.9915
2002-07-05,0.9727
2002-07-12,0.9914
2002-07-19,1.0116
2002-07-26,0.9865
2002-08-02,0.9867
2002-08-09,0.9701
2002-08-16,0.9847
2002-08-23,0.9731
2002-08-30,0.9823
2002-09-06,0.9819
2002-09-13,0.9718
2002-09-20,0.9826
2002-09-27,0.9807
2002-10-04,0.9788
2002-10-11,0.9875
2002-10-18,0.9714
2002-10-25,0.9758
2002-11-01,0.9966
2002-11-08,1.0132
2002-11-15,1.0098
2002-11-22,0.9968
2002-11-29,0.9943
2002-12-06,1.0091
2002-12-13,1.0241
2002-12-20,1.0276
2002-12-27,1.0441
2003-01-03,1.0428
2003-01-10,1.0576
2003-01-17,1.0678
2003-01-24,1.0827
2003-01-31,1.0768
2003-02-07,1.0821
2003-02-14,1.0793
2003-02-21,1.0772
2003-02-28,1.0807
2003-03-07,1.1008
2003-03-14,1.0747
2003-03-21,1.0525
2003-03-28,1.0779
2003-04-04,1.0735
2003-04-11,1.0752
2003-04-18,1.0877
2003-04-25,1.104
2003-05-02,1.1233
2003-05-09,1.1487
2003-05-16,1.1592
2003-05-23,1.1837
2003-05-30,1.1784
2003-06-06,1.1699
2003-06-13,1.187
2003-06-20,1.1608
2003-06-27,1.1434
2003-07-04,1.149
2003-07-11,1.1291
2003-07-18,1.1269
2003-07-25,1.1507
2003-08-01,1.1277
2003-08-08,1.1309
2003-08-15,1.1266
2003-08-22,1.0877
2003-08-29,1.0984
2003-09-05,1.1104
2003-09-12,1.1291
2003-09-19,1.1371
2003-09-26,1.1464
2003-10-03,1.158
2003-10-10,1.1798
2003-10-17,1.168
2003-10-24,1.1781
2003-10-31,1.1593
2003-11-07,1.1525
2003-11-14,1.1779
2003-11-21,1.1914
2003-11-28,1.1996
2003-12-05,1.2171
2003-12-12,1.2277
2003-12-19,1.2374
2003-12-26,1.2429
2004-01-02,1.2585
2004-01-09,1.2818
2004-01-16,1.2394
2004-01-23,1.2582
2004-01-30,1.2478
2004-02-06,1.2706
2004-02-13,1.2735
2004-02-20,1.2537
2004-02-27,1.2493
2004-03-05,1.2366
2004-03-12,1.2215
2004-03-19,1.229
2004-03-26,1.2132
2004-04-02,1.2136
2004-04-09,1.2093
2004-04-16,1.1993
2004-04-23,1.1843
2004-04-30,1.198
2004-05-07,1.1884
2004-05-14,1.1888
2004-05-21,1.198
2004-05-28,1.2223
2004-06-04,1.2283
2004-06-11,1.2006
2004-06-18,1.2137
2004-06-25,1.2178
2004-07-02,1.2316
2004-07-09,1.2415
2004-07-16,1.2452
2004-07-23,1.2093
2004-07-30,1.2019
2004-08-06,1.2279
2004-08-13,1.2374
2004-08-20,1.2321
2004-08-27,1.2011
2004-09-03,1.2058
2004-09-10,1.2262
2004-09-17,1.2187
2004-09-24,1.2276
2004-10-01,1.2417
2004-10-08,1.2409
2004-10-15,1.2469
2004-10-22,1.2683
2004-10-29,1.2798
2004-11-05,1.2964
2004-11-12,1.2974
2004-11-19,1.3023
2004-11-26,1.3297
2004-12-03,1.3454
2004-12-10,1.3226
2004-12-17,1.3307
2004-12-24,1.3531
2004-12-31,1.3554
2005-01-07,1.3054
2005-01-14,1.3112
2005-01-21,1.3039
2005-01-28,1.3038
2005-02-04,1.2869
2005-02-11,1.2866
2005-02-18,1.3072
2005-02-25,1.3245
2005-03-04,1.3237
2005-03-11,1.3458
2005-03-18,1.3326
2005-03-25,1.2959
2005-04-01,1.2914
2005-04-08,1.2932
2005-04-15,1.2924
2005-04-22,1.3065
2005-04-29,1.2873
2005-05-06,1.2819
2005-05-13,1.2633
2005-05-20,1.2559
2005-05-27,1.2586
2005-06-03,1.2236
2005-06-10,1.2119
2005-06-17,1.2286
2005-06-24,1.2092
2005-07-01,1.1959
2005-07-08,1.1967
2005-07-15,1.2035
2005-07-22,1.2065
2005-07-29,1.2123
2005-08-05,1.2359
2005-08-12,1.2441
2005-08-19,1.2153
2005-08-26,1.2289
2005-09-02,1.2531
2005-09-09,1.241
2005-09-16,1.2237
2005-09-23,1.204
2005-09-30,1.2026
2005-10-07,1.213
2005-10-14,1.2075
2005-10-21,1.1954
2005-10-28,1.2069
2005-11-04,1.1813
2005-11-11,1.1734
2005-11-18,1.1775
2005-11-25,1.1725
2005-12-02,1.1718
2005-12-09,1.1812
2005-12-16,1.2013
2005-12-23,1.1869
2005-12-30,1.1849
2006-01-06,1.2151
2006-01-13,1.2142
2006-01-20,1.2135
2006-01-27,1.2094
2006-02-03,1.2024
2006-02-10,1.1904
2006-02-17,1.194
2006-02-24,1.1876
2006-03-03,1.2045
2006-03-10,1.191
2006-03-17,1.219
2006-03-24,1.2036
2006-03-31,1.2118
2006-04-07,1.2093
2006-04-14,1.211
2006-04-21,1.2341
2006-04-28,1.2635
2006-05-05,1.2726
2006-05-12,1.2928
2006-05-19,1.2778
2006-05-26,1.2738
2006-06-02,1.2918
2006-06-09,1.2639
2006-06-16,1.2642
2006-06-23,1.2506
2006-06-30,1.2791
2006-07-07,1.281
2006-07-14,1.2652
2006-07-21,1.2695
2006-07-28,1.2759
2006-08-04,1.2874
2006-08-11,1.2721
2006-08-18,1.2824
2006-08-25,1.2752
2006-09-01,1.2834
2006-09-08,1.2673
2006-09-15,1.2665
2006-09-22,1.2784
2006-09-29,1.2674
2006-10-06,1.2601
2006-10-13,1.2513
2006-10-20,1.2618
2006-10-27,1.2741
2006-11-03,1.2718
2006-11-10,1.284
2006-11-17,1.2828
2006-11-24,1.3094
2006-12-01,1.3337
2006-12-08,1.3202
2006-12-15,1.308
2006-12-22,1.3128
2006-12-29,1.3197
2007-01-05,1.3002
2007-01-12,1.2923
2007-01-19,1.2957
2007-01-26,1.2916
2007-02-02,1.2961
2007-02-09,1.3008
2007-02-16,1.3138
2007-02-23,1.3166
2007-03-02,1.3192
2007-03-09,1.3116
2007-03-16,1.3318
2007-03-23,1.3283
2007-03-30,1.3354
2007-04-06,1.3379
2007-04-13,1.3527
2007-04-20,1.359
2007-04-27,1.3652
2007-05-04,1.3591
2007-05-11,1.3524
2007-05-18,1.3509
2007-05-25,1.3442
2007-06-01,1.3449
2007-06-08,1.3373
2007-06-15,1.3388
2007-06-22,1.347
2007-06-29,1.3541
2007-07-06,1.3627
2007-07-13,1.3782
2007-07-20,1.3827
2007-07-27,1.3636
2007-08-03,1.3773
2007-08-10,1.3693
2007-08-17,1.3475
2007-08-24,1.3675
2007-08-31,1.363
2007-09-07,1.3768
2007-09-14,1.3875
2007-09-21,1.4091
2007-09-28,1.4267
2007-10-05,1.4136
2007-10-12,1.4178
2007-10-19,1.4301
2007-10-26,1.4393
2007-11-02,1.4504
2007-11-09,1.4678
2007-11-16,1.4662
2007-11-23,1.4837
2007-11-30,1.4633
2007-12-07,1.4658
2007-12-14,1.4429
2007-12-21,1.4382
2007-12-28,1.4723
2008-01-04,1.4743
2008-01-11,1.4776
2008-01-18,1.4621
2008-01-25,1.4681
2008-02-01,1.4802
2008-02-08,1.4504
2008-02-15,1.4682
2008-02-22,1.4827
2008-02-29,1.5179
2008-03-07,1.5355
2008-03-14,1.5674
2008-03-21,1.5432
2008-03-28,1.5796
2008-04-04,1.5737
2008-04-11,1.5808
2008-04-18,1.5818
2008-04-25,1.563
2008-05-02,1.5424
2008-05-09,1.5482
2008-05-16,1.5577
2008-05-23,1.5762
2008-05-30,1.5554
2008-06-06,1.5778
2008-06-13,1.538
2008-06-20,1.5607
2008-06-27,1.5794
2008-07-04,1.5706
2008-07-11,1.5938
2008-07-18,1.5847
2008-07-25,1.5709
2008-08-01,1.5564
2008-08-08,1.5005
2008-08-15,1.4687
2008-08-22,1.4793
2008-08-29,1.4673
2008-09-05,1.4267
2008-09-12,1.4224
2008-09-19,1.4466
2008-09-26,1.4614
2008-10-03,1.3772
2008-10-10,1.3409
2008-10-17,1.341
2008-10-24,1.2623
2008-10-31,1.2726
2008-11-07,1.2718
2008-11-14,1.2605
2008-11-21,1.2587
2008-11-28,1.2691
2008-12-05,1.2718
2008-12-12,1.3369
2008-12-19,1.3912
2008-12-26,1.4028
2009-01-02,1.3921
2009-01-09,1.3476
2009-01-16,1.3267
2009-01-23,1.2975
2009-01-30,1.2813
2009-02-06,1.294
2009-02-13,1.2862
2009-02-20,1.2826
2009-02-27,1.2669
2009-03-06,1.2653
2009-03-13,1.2928
2009-03-20,1.3582
2009-03-27,1.3287
2009-04-03,1.3486
2009-04-10,1.3189
2009-04-17,1.3044
2009-04-24,1.3242
2009-05-01,1.3273
2009-05-08,1.3634
2009-05-15,1.3495
2009-05-22,1.3998
2009-05-29,1.4158
2009-06-05,1.3968
2009-06-12,1.4016
2009-06-19,1.3937
2009-06-26,1.4056
2009-07-03,1.398
2009-07-10,1.3936
2009-07-17,1.4102
2009-07-24,1.4202
2009-07-31,1.4257
2009-08-07,1.4183
2009-08-14,1.4203
2009-08-21,1.4326
2009-08-28,1.4303
2009-09-04,1.4297
2009-09-11,1.4571
2009-09-18,1.4712
2009-09-25,1.4689
2009-10-02,1.4576
2009-10-09,1.4732
2009-10-16,1.4905
2009-10-23,1.5008
2009-10-30,1.4719
2009-11-06,1.4847
2009-11-13,1.4903
2009-11-20,1.4862
2009-11-27,1.4988
2009-12-04,1.4858
2009-12-11,1.4615
2009-12-18,1.4338
2009-12-25,1.4411
2010-01-01,1.4324
2010-01-08,1.4409
2010-01-15,1.4387
2010-01-22,1.4139
2010-01-29,1.3863
2010-02-05,1.3678
2010-02-12,1.3632
2010-02-19,1.3613
2010-02-26,1.3631
2010-03-05,1.3626
2010-03-12,1.3769
2010-03-19,1.353
2010-03-26,1.341
2010-04-02,1.3504
2010-04-09,1.35
2010-04-16,1.3503
2010-04-23,1.3384
2010-04-30,1.3294
2010-05-07,1.2755
2010-05-14,1.2358
2010-05-21,1.257
2010-05-28,1.2273
2010-06-04,1.1967
2010-06-11,1.2112
2010-06-18,1.2388
2010-06-25,1.2369
2010-07-02,1.2566
2010-07-09,1.2641
2010-07-16,1.293
2010-07-23,1.2909
2010-07-30,1.3052
2010-08-06,1.328
2010-08-13,1.2754
2010-08-20,1.2712
2010-08-27,1.2763
2010-09-03,1.2896
2010-09-10,1.2679
2010-09-17,1.305
2010-09-24,1.3492
2010-10-01,1.3791
2010-10-08,1.3939
2010-10-15,1.3977
2010-10-22,1.3954
2010-10-29,1.3947
2010-11-05,1.4032
2010-11-12,1.3691
2010-11-19,1.3673
2010-11-26,1.3242
2010-12-03,1.3414
2010-12-10,1.3226
2010-12-17,1.3188
2010-12-24,1.3122
2010-12-31,1.3384
2011-01-07,1.2907
2011-01-14,1.3388
2011-01-21,1.3621
2011-01-28,1.3611
2011-02-04,1.3581
2011-02-11,1.3554
2011-02-18,1.3693
2011-02-25,1.3754
2011-03-04,1.3987
2011-03-11,1.3903
2011-03-18,1.4182
2011-03-25,1.4088
2011-04-01,1.4237
2011-04-08,1.4483
2011-04-15,1.443
2011-04-22,1.4561
2011-04-29,1.4807
2011-05-06,1.4316
2011-05-13,1.4119
2011-05-20,1.4161
2011-05-27,1.4319
2011-06-03,1.4635
2011-06-10,1.4347
2011-06-17,1.4306
2011-06-24,1.4188
2011-07-01,1.4526
2011-07-08,1.4265
2011-07-15,1.4157
2011-07-22,1.436
2011-07-29,1.4398
2011-08-05,1.4282
2011-08-12,1.4248
2011-08-19,1.4397
2011-08-26,1.4499
2011-09-02,1.4205
2011-09-09,1.3656
2011-09-16,1.3796
2011-09-23,1.35
2011-09-30,1.3387
2011-10-07,1.3378
2011-10-14,1.3882
2011-10-21,1.3896
2011-10-28,1.4147
2011-11-04,1.3792
2011-11-11,1.375
2011-11-18,1.3525
2011-11-25,1.3239
2011-12-02,1.3391
2011-12-09,1.3386
2011-12-16,1.3046
2011-12-23,1.3044
2011-12-30,1.2961
2012-01-06,1.2717
2012-01-13,1.268
2012-01-20,1.2931
2012-01-27,1.322
2012-02-03,1.3158
2012-02-10,1.3197
2012-02-17,1.314
2012-02-24,1.3448
2012-03-02,1.3198
2012-03-09,1.3123
2012-03-16,1.3175
2012-03-23,1.327
2012-03-30,1.3343
2012-04-06,1.3096
2012-04-13,1.3078
2012-04-20,1.3219
2012-04-27,1.3255
2012-05-04,1.3084
2012-05-11,1.2917
2012-05-18,1.278
2012-05-25,1.2517
2012-06-01,1.2434
2012-06-08,1.2517
2012-06-15,1.2638
2012-06-22,1.257
2012-06-29,1.2667
2012-07-06,1.2291
2012-07-13,1.2249
2012-07-20,1.2157
2012-07-27,1.2322
2012-08-03,1.2387
2012-08-10,1.2289
2012-08-17,1.2334
2012-08-24,1.2512
2012-08-31,1.2579
2012-09-07,1.2816
2012-09-14,1.313
2012-09-21,1.298
2012-09-28,1.286
2012-10-05,1.3045
2012-10-12,1.2951
2012-10-19,1.3024
2012-10-26,1.2938
2012-11-02,1.2835
2012-11-09,1.2714
2012-11-16,1.2743
2012-11-23,1.2976
2012-11-30,1.2986
2012-12-07,1.2927
2012-12-14,1.3163
2012-12-21,1.3188
2012-12-28,1.3216
2013-01-04,1.3069
2013-01-11,1.3343
2013-01-18,1.3321
2013-01-25,1.3464
2013-02-01,1.364
2013-02-08,1.3365
2013-02-15,1.336
2013-02-22,1.3194
2013-03-01,1.3022
2013-03-08,1.3005
2013-03-15,1.3076
2013-03-22,1.2989
2013-03-29,1.2819
2013-04-05,1.2991
2013-04-12,1.3113
2013-04-19,1.3052
2013-04-26,1.303
2013-05-03,1.3114
2013-05-10,1.2989
2013-05-17,1.2839
2013-05-24,1.2932
2013-05-31,1.2999
2013-06-07,1.3218
2013-06-14,1.3347
2013-06-21,1.3122
2013-06-28,1.301
2013-07-05,1.2829
2013-07-12,1.3067
2013-07-19,1.3143
2013-07-26,1.3279
2013-08-02,1.3276
2013-08-09,1.3342
2013-08-16,1.3329
2013-08-23,1.3383
2013-08-30,1.3222
2013-09-06,1.3178
2013-09-13,1.3294
2013-09-20,1.3524
2013-09-27,1.3522
2013-10-04,1.3558
2013-10-11,1.3544
2013-10-18,1.3687
2013-10-25,1.3802
2013-11-01,1.3487
2013-11-08,1.3367
2013-11-15,1.3496
2013-11-22,1.3558
2013-11-29,1.3591
2013-12-06,1.3706
2013-12-13,1.3742
2013-12-20,1.3673
2013-12-27,1.3749
2014-01-03,1.3589
2014-01-10,1.367
2014-01-17,1.3541
2014-01-24,1.3678
2014-01-31,1.3486
2014-02-07,1.3635
2014-02-14,1.3693
2014-02-21,1.3746
2014-02-28,1.3802
2014-03-07,1.3875
2014-03-14,1.3914
2014-03-21,1.3794
2014-03-28,1.3752
2014-04-04,1.3705
2014-04-11,1.3885
2014-04-18,1.3813
2014-04-25,1.3834
2014-05-02,1.3869
2014-05-09,1.3758
2014-05-16,1.3694
2014-05-23,1.3629
2014-05-30,1.3635
2014-06-06,1.3643
2014-06-13,1.354
2014-06-20,1.36
2014-06-27,1.3649
2014-07-04,1.3595
2014-07-11,1.3608
2014-07-18,1.3524
2014-07-25,1.343
2014-08-01,1.3427
2014-08-08,1.341
2014-08-15,1.3401
2014-08-22,1.3242
2014-08-29,1.3132
2014-09-05,1.2951
2014-09-12,1.2963
2014-09-19,1.2829
2014-09-26,1.2684
2014-10-03,1.2516
2014-10-10,1.2628
2014-10-17,1.2761
2014-10-24,1.2671
2014-10-31,1.2525
2014-11-07,1.2455
2014-11-14,1.2525
2014-11-21,1.2391
2014-11-28,1.2452
2014-12-05,1.2283
2014-12-12,1.2462
2014-12-19,1.2229
2014-12-26,1.2183
2015-01-02,1.2002
2015-01-09,1.1842
2015-01-16,1.1567
2015-01-23,1.1204
2015-01-30,1.1291
2015-02-06,1.1316
2015-02-13,1.1394
2015-02-20,1.1381
2015-02-27,1.1196
2015-03-06,1.0844
2015-03-13,1.0496
2015-03-20,1.0821
2015-03-27,1.0889
2015-04-03,1.0969
2015-04-10,1.0604
2015-04-17,1.0806
2015-04-24,1.0873
2015-05-01,1.1199
2015-05-08,1.1199
2015-05-15,1.1451
2015-05-22,1.1013
2015-05-29,1.0986
2015-06-05,1.1114
2015-06-12,1.1266
2015-06-19,1.1352
2015-06-26,1.1167
2015-07-03,1.1114
2015-07-10,1.1162
2015-07-17,1.083
2015-07-24,1.0984
2015-07-31,1.0984
2015-08-07,1.0967
2015-08-14,1.1109
2015-08-21,1.1386
2015-08-28,1.1185
2015-09-04,1.1149
2015-09-11,1.1338
2015-09-18,1.1298
2015-09-25,1.1195
2015-10-02,1.1216
2015-10-09,1.1358
2015-10-16,1.1348
2015-10-23,1.1018
2015-10-30,1.1006
2015-11-06,1.0741
2015-11-13,1.0773
2015-11-20,1.0646
2015-11-27,1.0593
2015-12-04,1.0881
2015-12-11,1.0986
2015-12-18,1.0868
2015-12-25,1.096
2016-01-01,1.0856
2016-01-08,1.0922
2016-01-15,1.0916
2016-01-22,1.0796
2016-01-29,1.0831
2016-02-05,1.1158
2016-02-12,1.1256
2016-02-19,1.113
2016-02-26,1.0934
2016-03-04,1.1005
2016-03-11,1.1156
2016-03-18,1.127
2016-03-25,1.1167
2016-04-01,1.1391
2016-04-08,1.1399
2016-04-15,1.1284
2016-04-22,1.1222
2016-04-29,1.1451
2016-05-06,1.1404
2016-05-13,1.1309
2016-05-20,1.1224
2016-05-27,1.1115
2016-06-03,1.1367
2016-06-10,1.1251
2016-06-17,1.1277
2016-06-24,1.1117
2016-07-01,1.1136
2016-07-08,1.1051
2016-07-15,1.1035
2016-07-22,1.0977
2016-07-29,1.1174
2016-08-05,1.1086
2016-08-12,1.1162
2016-08-19,1.1325
2016-08-26,1.1198
2016-09-02,1.1156
2016-09-09,1.1233
2016-09-16,1.1155
2016-09-23,1.1226
2016-09-30,1.1235
2016-10-07,1.1201
2016-10-14,1.0972
2016-10-21,1.0884
2016-10-28,1.0985
2016-11-04,1.1141
2016-11-11,1.0855
2016-11-18,1.0588
2016-11-25,1.0589
2016-12-02,1.0664
2016-12-09,1.0561
2016-12-16,1.0451
2016-12-23,1.0456
2016-12-30,1.0517
2017-01-06,1.0532
2017-01-13,1.0643
2017-01-20,1.0703
2017-01-27,1.0699
2017-02-03,1.0783
2017-02-10,1.0643
2017-02-17,1.0616
2017-02-24,1.0563
2017-03-03,1.0622
2017-03-10,1.0673
2017-03-17,1.0738
2017-03-24,1.0798
2017-03-31,1.0652
2017-04-07,1.0591
2017-04-14,1.0618
2017-04-21,1.0728
2017-04-28,1.0895
2017-05-05,1.0998
2017-05-12,1.0931
2017-05-19,1.1206
2017-05-26,1.1183
2017-06-02,1.1279
2017-06-09,1.1195
2017-06-16,1.1198
2017-06-23,1.1194
2017-06-30,1.1426
2017-07-07,1.1401
2017-07-14,1.147
2017-07-21,1.1663
2017-07-28,1.1751
2017-08-04,1.1773
2017-08-11,1.1821
2017-08-18,1.1761
2017-08-25,1.1924
2017-09-01,1.186
2017-09-08,1.2036
2017-09-15,1.1945
2017-09-22,1.1951
2017-09-29,1.1814
2017-10-06,1.173
2017-10-13,1.182
2017-10-20,1.1784
2017-10-27,1.1608
2017-11-03,1.1608
2017-11-10,1.1665
2017-11-17,1.179
2017-11-24,1.1933
2017-12-01,1.1896
2017-12-08,1.1773
2017-12-15,1.1749
2017-12-22,1.1862
2017-12-29,1.2005
2018-01-05,1.2029
2018-01-12,1.2202
2018-01-19,1.2222
2018-01-26,1.2427
2018-02-02,1.2463
2018-02-09,1.2252
2018-02-16,1.2406
2018-02-23,1.2295
2018-03-02,1.2317
2018-03-09,1.2307
2018-03-16,1.229
2018-03-23,1.2353
2018-03-30,1.2324
2018-04-06,1.2281
2018-04-13,1.2331
2018-04-20,1.2288
2018-04-27,1.213
2018-05-04,1.196
2018-05-11,1.1943
2018-05-18,1.1772
2018-05-25,1.1651
2018-06-01,1.1659
2018-06-08,1.1769
2018-06-15,1.161
2018-06-22,1.1651
2018-06-29,1.1684
2018-07-06,1.1746
2018-07-13,1.1685
2018-07-20,1.1724
2018-07-27,1.1657
2018-08-03,1.1568
2018-08-10,1.1413
2018-08-17,1.1438
2018-08-24,1.1622
2018-08-31,1.1602
2018-09-07,1.1553
2018-09-14,1.1625
2018-09-21,1.1749
2018-09-28,1.1604
2018-10-05,1.1524
2018-10-12,1.156
2018-10-19,1.1514
2018-10-26,1.1403
2018-11-02,1.1388
2018-11-09,1.1336
2018-11-16,1.1415
2018-11-23,1.1337
2018-11-30,1.1317
2018-12-07,1.1379
2018-12-14,1.1306
2018-12-21,1.1372
2018-12-28,1.1444
2019-01-04,1.1395
2019-01-11,1.1469
2019-01-18,1.1363
2019-01-25,1.1406
2019-02-01,1.1456
2019-02-08,1.1323
2019-02-15,1.1296
2019-02-22,1.1335
2019-03-01,1.1365
2019-03-08,1.1235
2019-03-15,1.1326
2019-03-22,1.1302
2019-03-29,1.1218
2019-04-05,1.1216
2019-04-12,1.1299
2019-04-19,1.1245
2019-04-26,1.1151
2019-05-03,1.1198
2019-05-10,1.1233
2019-05-17,1.1158
2019-05-24,1.1203
2019-05-31,1.1169
2019-06-07,1.1334
2019-06-14,1.1208
2019-06-21,1.1369
2019-06-28,1.1373
2019-07-05,1.1225
2019-07-12,1.127
2019-07-19,1.1221
2019-07-26,1.1128
2019-08-02,1.1108
2019-08-09,1.12
2019-08-16,1.109
2019-08-23,1.1144
2019-08-30,1.0982
2019-09-06,1.1029
2019-09-13,1.1073
2019-09-20,1.1017
2019-09-27,1.094
2019-10-04,1.0979
2019-10-11,1.1042
2019-10-18,1.1167
2019-10-25,1.108
2019-11-01,1.1166
2019-11-08,1.1018
2019-11-15,1.1051
2019-11-22,1.1021
2019-11-29,1.1018
2019-12-06,1.106
2019-12-13,1.1121
2019-12-20,1.1079
2019-12-27,1.1177
2020-01-03,1.1161
2020-01-10,1.1121
2020-01-17,1.1092
2020-01-24,1.1025
2020-01-31,1.1093
2020-02-07,1.0946
2020-02-14,1.0831
2020-02-21,1.0847
2020-02-28,1.1026
2020-03-06,1.1284
2020-03-13,1.1107
2020-03-20,1.0688
2020-03-27,1.1141
2020-04-03,1.0801
2020-04-10,1.0937
2020-04-17,1.0875
2020-04-24,1.0823
2020-05-01,1.0981
2020-05-08,1.0839
2020-05-15,1.082
2020-05-22,1.0901
2020-05-29,1.1101
2020-06-05,1.1292
2020-06-12,1.1256
2020-06-19,1.1178
2020-06-26,1.1219
2020-07-03,1.1248
2020-07-10,1.13
2020-07-17,1.1428
2020-07-24,1.1656
2020-07-31,1.1778
2020-08-07,1.1787
2020-08-14,1.1842
2020-08-21,1.1797
2020-08-28,1.1903
2020-09-04,1.1838
2020-09-11,1.1846
2020-09-18,1.184
2020-09-25,1.1631
2020-10-02,1.1716
2020-10-09,1.1826
2020-10-16,1.1718
2020-10-23,1.186
2020-10-30,1.1647
2020-11-06,1.1874
2020-11-13,1.1834
2020-11-20,1.1857
2020-11-27,1.1963
2020-12-04,1.2121
2020-12-11,1.2112
2020-12-18,1.2257
2020-12-25,1.2193
2021-01-01,1.2215
2021-01-08,1.2218
2021-01-15,1.2082
2021-01-22,1.2171
2021-01-29,1.2136
2021-02-05,1.2046
2021-02-12,1.212
2021-02-19,1.2119
2021-02-26,1.2075
2021-03-05,1.1915
2021-03-12,1.1953
2021-03-19,1.1904
2021-03-26,1.1794
2021-04-02,1.1759
2021-04-09,1.1899
2021-04-16,1.1983
2021-04-23,1.2097
2021-04-30,1.202
2021-05-07,1.2166
2021-05-14,1.2141
2021-05-21,1.2182
2021-05-28,1.2192
2021-06-04,1.2167
2021-06-11,1.2109
2021-06-18,1.1864
2021-06-25,1.1935
2021-07-02,1.1865
2021-07-09,1.1876
2021-07-16,1.1806
2021-07-23,1.1771
2021-07-30,1.187
2021-08-06,1.1762
2021-08-13,1.1797
2021-08-20,1.1698
2021-08-27,1.1795
2021-09-03,1.188
2021-09-10,1.1814
2021-09-17,1.1725
2021-09-24,1.172
2021-10-01,1.1596
2021-10-08,1.1569
2021-10-15,1.1601
2021-10-22,1.1643
2021-10-29,1.1558
2021-11-05,1.1567
2021-11-12,1.1445
2021-11-19,1.129
2021-11-26,1.1317
2021-12-03,1.1315
2021-12-10,1.1313
2021-12-17,1.124
2021-12-24,1.1319
2021-12-31,1.137
2022-01-07,1.136
2022-01-14,1.1411
2022-01-21,1.1344
2022-01-28,1.1151
2022-02-04,1.1449
2022-02-11,1.135
2022-02-18,1.1322
2022-02-25,1.1268
2022-03-04,1.0928
2022-03-11,1.0912
2022-03-18,1.1051
2022-03-25,1.0983
2022-04-01,1.1043
2022-04-08,1.0877
2022-04-15,1.081
2022-04-22,1.079
2022-04-29,1.0545
2022-05-06,1.0551
2022-05-13,1.0412
2022-05-20,1.0564
2022-05-27,1.0735
2022-06-03,1.0719
2022-06-10,1.0519
2022-06-17,1.0499
2022-06-24,1.0553
2022-07-01,1.0414
2022-07-08,1.0185
2022-07-15,1.008
2022-07-22,1.0213
2022-07-29,1.022
2022-08-05,1.0183
2022-08-12,1.0259
2022-08-19,1.0037
2022-08-26,0.9966
2022-09-02,0.9954
2022-09-09,1.0042
2022-09-16,1.0016
2022-09-23,0.9687
2022-09-30,0.9802
2022-10-07,0.9744
2022-10-14,0.9722
2022-10-21,0.9862
2022-10-28,0.9965
2022-11-04,0.9957
2022-11-11,1.0347
2022-11-18,1.0325
2022-11-25,1.0395
2022-12-02,1.0535
2022-12-09,1.054
2022-12-16,1.0586
2022-12-23,1.0617
2022-12-30,1.0705
2023-01-06,1.0644
2023-01-13,1.083
2023-01-20,1.0856
2023-01-27,1.0868
2023-02-03,1.0795
2023-02-10,1.0678
2023-02-17,1.0695
2023-02-24,1.0548
2023-03-03,1.0635
2023-03-10,1.0643
2023-03-17,1.067
2023-03-24,1.076
2023-03-31,1.0839
2023-04-07,1.0905
2023-04-14,1.0992
2023-04-21,1.0986
2023-04-28,1.1019
2023-05-05,1.1019
2023-05-12,1.0849
2023-05-19,1.0805
2023-05-26,1.0723
2023-06-02,1.0708
2023-06-09,1.0749
2023-06-16,1.0937
2023-06-23,1.0894
2023-06-30,1.0909
2023-07-07,1.0967
2023-07-14,1.1228
2023-07-21,1.1124
2023-07-28,1.1016
2023-08-04,1.1006
2023-08-11,1.0949
2023-08-18,1.0873
2023-08-25,1.0796
2023-09-01,1.078
2023-09-08,1.07
2023-09-15,1.0657
2023-09-22,1.0653
2023-09-29,1.0573
2023-10-06,1.0586
2023-10-13,1.051
2023-10-20,1.0594
2023-10-27,1.0565
2023-11-03,1.0731
2023-11-10,1.0686
2023-11-17,1.0915
2023-11-24,1.0939
2023-12-01,1.0884
2023-12-08,1.0763
2023-12-15,1.0895
2023-12-22,1.1014
2023-12-29,1.1039
2024-01-05,1.0943
2024-01-12,1.0951
2024-01-19,1.0898
2024-01-26,1.0853
2024-02-02,1.0788
2024-02-09,1.0784
2024-02-16,1.0777
2024-02-23,1.0821
2024-03-01,1.0837
2024-03-08,1.0939
2024-03-15,1.0889
2024-03-22,1.0808
2024-03-29,1.079
2024-04-05,1.0837
2024-04-12,1.0643
2024-04-19,1.0656
2024-04-26,1.0693
2024-05-03,1.0761
2024-05-10,1.0771
2024-05-17,1.0869
2024-05-24,1.0847
2024-05-31,1.0848
2024-06-07,1.0801
2024-06-14,1.0703
2024-06-21,1.0693
2024-06-28,1.0713
2024-07-05,1.084
2024-07-12,1.0907
2024-07-19,1.0882
2024-07-26,1.0856
2024-08-02,1.0911
2024-08-09,1.0917
2024-08-16,1.1027
2024-08-23,1.1192
2024-08-30,1.1048
2024-09-06,1.1084
2024-09-13,1.1075
2024-09-20,1.1162
2024-09-27,1.1162
2024-10-04,1.0974
2024-10-11,1.0937
2024-10-18,1.0867
2024-10-25,1.0796
2024-11-01,1.0834
2024-11-08,1.0718
2024-11-15,1.054
2024-11-22,1.0418
2024-11-29,1.0577
2024-12-06,1.0568
2024-12-13,1.0501
2024-12-20,1.043
2024-12-27,1.0426
2025-01-03,1.0308
2025-01-10,1.0244
2025-01-17,1.0273
2025-01-24,1.0497
2025-01-31,1.0362
2025-02-07,1.0328
2025-02-14,1.0492
2025-02-21,1.0458
2025-02-28,1.0375
2025-03-07,1.0833
2025-03-14,1.0879
2025-03-21,1.0818
2025-03-28,1.0828
2025-04-04,1.0956
2025-04-11,1.1355
2025-04-18,1.1393
2025-04-25,1.1365
2025-05-02,1.1297
2025-05-09,1.125
2025-05-16,1.1163
2025-05-23,1.1362
2025-05-30,1.1347
2025-06-06,1.1397
2025-06-13,1.1549
2025-06-20,1.1523
2025-06-27,1.1718
2025-07-04,1.1778
2025-07-11,1.1689
2025-07-18,1.1626
2025-07-25,1.1742
2025-08-01,1.1587
2025-08-08,1.1641
2025-08-15,1.1703
2025-08-22,1.1718
2025-08-29,1.1686
2025-09-05,1.1717
2025-09-12,1.1734
2025-09-19,1.1746
2025-09-26,1.1703
2025-10-03,1.1742
2025-10-10,1.1619
2025-10-17,1.1655
2025-10-24,1.1627
2025-10-31,1.1537
2025-11-07,1.1566
2025-11-14,1.1621
2025-11-21,1.1513
2025-11-28,1.1598
2025-12-05,1.1642
2025-12-12,1.174
2025-12-19,1.171
2025-12-26,1.1772
2026-01-02,1.1719
2026-01-09,1.1637
2026-01-16,1.1598
2026-01-23,1.1828
2026-01-30,1.1851
2026-02-06,1.1815
2026-02-13,1.1868
2026-02-20,1.1784
2026-02-27,1.1812
2026-03-06,1.1618
2026-03-13,1.1417
2026-03-20,1.1572
2026-03-27,1.1509
2026-04-03,1.1519
2026-04-10,1.1723
2026-04-17,1.1765
2026-04-24,1.1722
2026-05-01,1.1721
2026-05-08,1.1787
2026-05-15,1.1625
2026-05-22,1.1603
2026-05-29,1.1659
2026-06-05,1.1522
