date,INTL_UKX_RVOL13
2001-04-06,0.17542530930072803
2001-04-13,0.19044150344005942
2001-04-20,0.19541930959915066
2001-04-27,0.19485409624170022
2001-05-04,0.19579421175065098
2001-05-11,0.19524086474558497
2001-05-18,0.1945043224362926
2001-05-25,0.18883090516428006
2001-06-01,0.18861180402392647
2001-06-08,0.19407355620708663
2001-06-15,0.16778041412013467
2001-06-22,0.1564010638322001
2001-06-29,0.13202093523172811
2001-07-06,0.14419809353335458
2001-07-13,0.13093327856811057
2001-07-20,0.12931211839860535
2001-07-27,0.12476210116710607
2001-08-03,0.14092515279051496
2001-08-10,0.1436586059651988
2001-08-17,0.14331625428655045
2001-08-24,0.15695213786330955
2001-08-31,0.160250773757083
2001-09-07,0.16918657637482337
2001-09-14,0.19054467760597185
2001-09-21,0.21845321691386155
2001-09-28,0.3311367531398075
2001-10-05,0.3359986320772101
2001-10-12,0.339045082545022
2001-10-19,0.3384325835739416
2001-10-26,0.3469892936441615
2001-11-02,0.34161377614869454
2001-11-09,0.343633507592535
2001-11-16,0.342787321659327
2001-11-23,0.33884506358616945
2001-11-30,0.33733931828261965
2001-12-07,0.3196912508927846
2001-12-14,0.30175661129467957
2001-12-21,0.25704651947800683
2001-12-28,0.15951536954334394
2002-01-04,0.1543175653042805
2002-01-11,0.15887968994263577
2002-01-18,0.1525079063399559
2002-01-25,0.13837167304056028
2002-02-01,0.13610901177378007
2002-02-08,0.1299788239636397
2002-02-15,0.13061008529947354
2002-02-22,0.1389677135965527
2002-03-01,0.1452552517542062
2002-03-08,0.15067095133185324
2002-03-15,0.12454636760742886
2002-03-22,0.1214790112237478
2002-03-29,0.11750711626781594
2002-04-05,0.11369684121281426
2002-04-12,0.10692744763774509
2002-04-19,0.10741776688089377
2002-04-26,0.11011437379513163
2002-05-03,0.11155090873104985
2002-05-10,0.10940583451470688
2002-05-17,0.10884038663832177
2002-05-24,0.09620269827543759
2002-05-31,0.0902365463333707
2002-06-07,0.09438034626620712
2002-06-14,0.14099741897656948
2002-06-21,0.141240447035081
2002-06-28,0.14489886397885673
2002-07-05,0.14483690210545475
2002-07-12,0.20939170536121776
2002-07-19,0.19993095222462082
2002-07-26,0.19988809838283497
2002-08-02,0.20383622977044977
2002-08-09,0.2575791161288658
2002-08-16,0.25526451563358954
2002-08-23,0.2610960220454321
2002-08-30,0.26586369506607305
2002-09-06,0.2647539750872093
2002-09-13,0.24732619196387506
2002-09-20,0.252496688440692
2002-09-27,0.2529616022480415
2002-10-04,0.25371864315219905
2002-10-11,0.2209372864420668
2002-10-18,0.23413463274790855
2002-10-25,0.23386172868670263
2002-11-01,0.233553417131907
2002-11-08,0.194173010037851
2002-11-15,0.19757179343677247
2002-11-22,0.2005795188285954
2002-11-29,0.18696954480573846
2002-12-06,0.19347632312372848
2002-12-13,0.1992152627531822
2002-12-20,0.18452296105583646
2002-12-27,0.18549907011802363
2003-01-03,0.2004113140871166
2003-01-10,0.18853002712728
2003-01-17,0.17751025439483573
2003-01-24,0.2038367099162965
2003-01-31,0.20360988338397992
2003-02-07,0.2034260043619681
2003-02-14,0.19940999919886349
2003-02-21,0.20792473948919346
2003-02-28,0.2084036429069396
2003-03-07,0.2131896093046633
2003-03-14,0.2218454047266038
2003-03-21,0.27050811087173743
2003-03-28,0.2805690819972742
2003-04-04,0.2697900092891652
2003-04-11,0.269614898944645
2003-04-18,0.26146464259467916
2003-04-25,0.22959828700435295
2003-05-02,0.22867070591950822
2003-05-09,0.22881361231592118
2003-05-16,0.22979264364210744
2003-05-23,0.2297977017282239
2003-05-30,0.22429519061935316
2003-06-06,0.1940822644199223
2003-06-13,0.19295394978797245
2003-06-20,0.1405687928774373
2003-06-27,0.11888147353914807
2003-07-04,0.11464359426929438
2003-07-11,0.11428514882968793
2003-07-18,0.10870706546305964
2003-07-25,0.10891622716706542
2003-08-01,0.10577523400462562
2003-08-08,0.10734983282243384
2003-08-15,0.11023083592222836
2003-08-22,0.10271599750457147
2003-08-29,0.10616206018902316
2003-09-05,0.10408953009431982
2003-09-12,0.10422972402421453
2003-09-19,0.10397545090539945
2003-09-26,0.1052822937695514
2003-10-03,0.11324081898499987
2003-10-10,0.11317133789172992
2003-10-17,0.11328606387538319
2003-10-24,0.12524060493713557
2003-10-31,0.12449573524422496
2003-11-07,0.12825281677598332
2003-11-14,0.12100537292232592
2003-11-21,0.1270832435932177
2003-11-28,0.12160670929201871
2003-12-05,0.11414921793513733
2003-12-12,0.11412059108819253
2003-12-19,0.11692498833163635
2003-12-26,0.10214108653619518
2004-01-02,0.092177372111609
2004-01-09,0.09561728466498894
2004-01-16,0.09516319058178929
2004-01-23,0.0785210711904151
2004-01-30,0.08578259931085559
2004-02-06,0.07549363041294778
2004-02-13,0.07507327024391622
2004-02-20,0.07720278967611129
2004-02-27,0.0788730806717334
2004-03-05,0.08102111395057982
2004-03-12,0.09007100818602114
2004-03-19,0.08917371214660127
2004-03-26,0.09168582344665467
2004-04-02,0.10111726497817307
2004-04-09,0.09976182580553833
2004-04-16,0.10150164013232148
2004-04-23,0.1010123944720145
2004-04-30,0.10246814183770608
2004-05-07,0.10244942700515113
2004-05-14,0.10636381946447877
2004-05-21,0.09430253574773333
2004-05-28,0.09397959145439926
2004-06-04,0.09074543042274077
2004-06-11,0.0849494272576772
2004-06-18,0.08154093585691494
2004-06-25,0.07537876757736073
2004-07-02,0.07005292377159097
2004-07-09,0.06877032682555659
2004-07-16,0.06632728708150598
2004-07-23,0.06229044332603855
2004-07-30,0.07194707989360619
2004-08-06,0.07802754266144687
2004-08-13,0.0761639144811594
2004-08-20,0.08437969153862636
2004-08-27,0.10211024438289655
2004-09-03,0.10484800605675187
2004-09-10,0.10443991237214949
2004-09-17,0.10577400602640914
2004-09-24,0.10581099645237133
2004-10-01,0.10003866492371277
2004-10-08,0.09891141908229585
2004-10-15,0.10218907175081623
2004-10-22,0.10175658402572547
2004-10-29,0.09651573616524842
2004-11-05,0.09398999044296899
2004-11-12,0.08817904567062487
2004-11-19,0.09161980217224125
2004-11-26,0.0815704114189939
2004-12-03,0.07917968274312055
2004-12-10,0.08412584298443518
2004-12-17,0.08255189246594576
2004-12-24,0.09063637105781164
2004-12-31,0.08534021329594095
2005-01-07,0.08529116181566736
2005-01-14,0.0781128660788018
2005-01-21,0.07877140763075963
2005-01-28,0.07894183694577547
2005-02-04,0.0760847641712907
2005-02-11,0.08247403847328606
2005-02-18,0.0791639148894843
2005-02-25,0.08280022999152939
2005-03-04,0.08260722524750523
2005-03-11,0.08213603018693594
2005-03-18,0.08828477722821071
2005-03-25,0.07948364026723635
2005-04-01,0.07976292169937446
2005-04-08,0.08270531315464176
2005-04-15,0.09098368994192028
2005-04-22,0.09267447355417831
2005-04-29,0.09417901777724957
2005-05-06,0.09625372182511412
2005-05-13,0.08524744571787353
2005-05-20,0.09376251119545051
2005-05-27,0.09208722548824182
2005-06-03,0.09137380358507018
2005-06-10,0.0893772573814032
2005-06-17,0.08642611345634611
2005-06-24,0.08637330046452431
2005-07-01,0.08992725767366617
2005-07-08,0.08974729812765835
2005-07-15,0.07658350497536806
2005-07-22,0.07095819634950529
2005-07-29,0.06208032183079621
2005-08-05,0.049958723849109744
2005-08-12,0.04193604288217683
2005-08-19,0.042942840703905125
2005-08-26,0.060184101560962176
2005-09-02,0.0673059852759482
2005-09-09,0.06729814680875286
2005-09-16,0.06721070240767904
2005-09-23,0.06699635789083717
2005-09-30,0.06438445427413125
2005-10-07,0.0789759514760328
2005-10-14,0.08700643802439904
2005-10-21,0.10110542780976173
2005-10-28,0.10420120112782519
2005-11-04,0.13274077440717588
2005-11-11,0.1330322368122715
2005-11-18,0.13208197542481903
2005-11-25,0.1257043706797915
2005-12-02,0.12181048144202662
2005-12-09,0.12198092066036374
2005-12-16,0.12112412172763395
2005-12-23,0.122622089851643
2005-12-30,0.12108904355896304
2006-01-06,0.11481142063428075
2006-01-13,0.10705423689533994
2006-01-20,0.08831499266253583
2006-01-27,0.09109376240953279
2006-02-03,0.06205332584199797
2006-02-10,0.062129206482060724
2006-02-17,0.065288764227744
2006-02-24,0.0654533575678852
2006-03-03,0.0657632617677144
2006-03-10,0.06460759351744295
2006-03-17,0.06734149674464178
2006-03-24,0.06638385657567084
2006-03-31,0.0753411600261546
2006-04-07,0.06890346770143328
2006-04-14,0.0674159363755844
2006-04-21,0.06748621683148828
2006-04-28,0.07544109964310904
2006-05-05,0.07503564202839604
2006-05-12,0.10117954284212946
2006-05-19,0.13160813711390726
2006-05-26,0.14140740543125754
2006-06-02,0.14160684837289492
2006-06-09,0.14424006523099217
2006-06-16,0.13889464714962976
2006-06-23,0.14425648686306955
2006-06-30,0.15425263880728904
2006-07-07,0.1539964063000582
2006-07-14,0.1645311784070621
2006-07-21,0.1588288404023989
2006-07-28,0.1842334054575109
2006-08-04,0.1843274791172915
2006-08-11,0.17623103790573977
2006-08-18,0.15253567366581886
2006-08-25,0.14666008060257557
2006-09-01,0.14750629173557175
2006-09-08,0.14356895167834563
2006-09-15,0.14091598231552802
2006-09-22,0.14020234620551345
2006-09-29,0.13948221195940513
2006-10-06,0.13893561531892362
2006-10-13,0.1274873245656127
2006-10-20,0.12790564824808173
2006-10-27,0.0964281040312984
2006-11-03,0.09011594149071439
2006-11-10,0.08455684430064239
2006-11-17,0.08329270462601714
2006-11-24,0.08732910252539919
2006-12-01,0.09322421076562953
2006-12-08,0.09734639934535816
2006-12-15,0.10069459532466167
2006-12-22,0.1019079135617258
2006-12-29,0.09331268891811799
2007-01-05,0.0932387007001231
2007-01-12,0.0786787817506808
2007-01-19,0.07867476999634787
2007-01-26,0.07884062372979948
2007-02-02,0.08226463642810446
2007-02-09,0.0829685889822449
2007-02-16,0.08254551002986654
2007-02-23,0.077863919006649
2007-03-02,0.11869134628746206
2007-03-09,0.11821514058606672
2007-03-16,0.11864844432655115
2007-03-23,0.13586648671655266
2007-03-30,0.1363748659263125
2007-04-06,0.13872832799488752
2007-04-13,0.13961671046123592
2007-04-20,0.1394529825509514
2007-04-27,0.1419090377182657
2007-05-04,0.1501781016200052
2007-05-11,0.1502856049415412
2007-05-18,0.15126997383084828
2007-05-25,0.15331515176220123
2007-06-01,0.11676715457624123
2007-06-08,0.1289677145275191
2007-06-15,0.13415965182622963
2007-06-22,0.13483880945875465
2007-06-29,0.13386923986320381
2007-07-06,0.13333315485189667
2007-07-13,0.13258371712904224
2007-07-20,0.1401039607893036
2007-07-27,0.18073009643294297
2007-08-03,0.16824405545874502
2007-08-10,0.1759026789681083
2007-08-17,0.1733624132121199
2007-08-24,0.1846575368373031
2007-08-31,0.18342527185934404
2007-09-07,0.18004006561792066
2007-09-14,0.16586095019731367
2007-09-21,0.1712016681960851
2007-09-28,0.17060826925104727
2007-10-05,0.17387648209847043
2007-10-12,0.1788954776696999
2007-10-19,0.1851501073289182
2007-10-26,0.14385505301027293
2007-11-02,0.15236704940917994
2007-11-09,0.15707672948646398
2007-11-16,0.1574759927585921
2007-11-23,0.1500769652127605
2007-11-30,0.157500624316268
2007-12-07,0.15486874508240095
2007-12-14,0.1627158305098741
2007-12-21,0.15390312531686648
2007-12-28,0.1544709234691594
2008-01-04,0.1530601816127639
2008-01-11,0.14920525405307106
2008-01-18,0.16556932830632426
2008-01-25,0.15436116111096562
2008-02-01,0.16884512788552272
2008-02-08,0.17371448977388665
2008-02-15,0.17409465836598853
2008-02-22,0.18039463051008306
2008-02-29,0.16734399805841957
2008-03-07,0.16423795315468548
2008-03-14,0.16164500427840198
2008-03-21,0.16046926566876446
2008-03-28,0.18408459349574963
2008-04-04,0.21163136440580194
2008-04-11,0.2081181160990106
2008-04-18,0.1917677969660429
2008-04-25,0.19109149613470847
2008-05-02,0.18777981058267973
2008-05-09,0.16341914736591234
2008-05-16,0.16427327653494497
2008-05-23,0.1816024460745379
2008-05-30,0.1822704734472453
2008-06-06,0.1770383517838578
2008-06-13,0.17945122590102108
2008-06-20,0.184561017104525
2008-06-27,0.17205597586938823
2008-07-04,0.14261117455285474
2008-07-11,0.14864530148219557
2008-07-18,0.143217754239821
2008-07-25,0.1401016908925872
2008-08-01,0.12654660701915368
2008-08-08,0.14530987994145683
2008-08-15,0.13499746061830142
2008-08-22,0.1302439313948052
2008-08-29,0.1446209497307299
2008-09-05,0.19218260661633316
2008-09-12,0.2086159464108689
2008-09-19,0.2033612655866245
2008-09-26,0.216195214237122
2008-10-03,0.21622332460510207
2008-10-10,0.4634499753539508
2008-10-17,0.4684829786177631
2008-10-24,0.46983164568305086
2008-10-31,0.5566658399238759
2008-11-07,0.551277887363811
2008-11-14,0.5517965362995617
2008-11-21,0.5766282429132897
2008-11-28,0.654339447874108
2008-12-05,0.6498190711983096
2008-12-12,0.659161659802617
2008-12-19,0.6597371721533509
2008-12-26,0.6567370878228349
2009-01-02,0.6812492347620682
2009-01-09,0.5169442269271141
2009-01-16,0.5378720491050791
2009-01-23,0.5312054635248626
2009-01-30,0.46489157563405814
2009-02-06,0.4705671622284336
2009-02-13,0.46891680487562154
2009-02-20,0.4381955525529464
2009-02-27,0.3355668887331211
2009-03-06,0.3521282631198987
2009-03-13,0.35729223050385517
2009-03-20,0.3628291533007057
2009-03-27,0.3647101065322703
2009-04-03,0.32565564945391606
2009-04-10,0.32384835471392004
2009-04-17,0.30232042033323686
2009-04-24,0.2995841673056562
2009-05-01,0.2987250084579844
2009-05-08,0.30853956399205734
2009-05-15,0.30922392833260964
2009-05-22,0.26274986770729475
2009-05-29,0.25723952980278686
2009-06-05,0.17073865500062094
2009-06-12,0.14253523010102825
2009-06-19,0.15622177316632552
2009-06-26,0.1696270376758104
2009-07-03,0.15976860728453843
2009-07-10,0.16815314444634538
2009-07-17,0.2026656904654938
2009-07-24,0.21533358480162695
2009-07-31,0.21344326475291014
2009-08-07,0.19590106880355346
2009-08-14,0.18582863139411304
2009-08-21,0.19102173886635782
2009-08-28,0.19101349335996834
2009-09-04,0.19516020979375454
2009-09-11,0.2010759656103007
2009-09-18,0.19344956944632366
2009-09-25,0.18820964655868003
2009-10-02,0.19730750883211004
2009-10-09,0.18233941230232253
2009-10-16,0.15397257078651397
2009-10-23,0.13997602599180076
2009-10-30,0.1704056187409702
2009-11-06,0.16739400764369455
2009-11-13,0.17178052274632474
2009-11-20,0.1694372054222519
2009-11-27,0.16958248582237534
2009-12-04,0.16625857588589474
2009-12-11,0.16029344660483022
2009-12-18,0.15076479146534896
2009-12-25,0.1637640964926753
2010-01-01,0.15607139212779134
2010-01-08,0.14818414884938919
2010-01-15,0.1533967144378103
2010-01-22,0.16529653564200184
2010-01-29,0.1513761973786418
2010-02-05,0.15540935319934543
2010-02-12,0.14568167308202318
2010-02-19,0.16910604885836594
2010-02-26,0.16907836440594365
2010-03-05,0.18956058797724687
2010-03-12,0.1865109501396741
2010-03-19,0.18256592725615142
2010-03-26,0.1684918090307116
2010-04-02,0.16849294495388
2010-04-09,0.16414717945355994
2010-04-16,0.16075251842731217
2010-04-23,0.1463837116912231
2010-04-30,0.15380647539398787
2010-05-07,0.220486055638773
2010-05-14,0.2248162570327071
2010-05-21,0.22043564334032348
2010-05-28,0.22781368277408706
2010-06-04,0.2033329749781052
2010-06-11,0.20404552839235224
2010-06-18,0.20834329736982196
2010-06-25,0.21593518321763194
2010-07-02,0.22187113655979224
2010-07-09,0.26527298578887215
2010-07-16,0.2665652256857021
2010-07-23,0.27690508259543695
2010-07-30,0.27206214032286813
2010-08-06,0.22107706297018365
2010-08-13,0.21637573180934092
2010-08-20,0.20316171310277192
2010-08-27,0.19726507112777053
2010-09-03,0.2126503712207527
2010-09-10,0.2133293328324014
2010-09-17,0.21193613154046445
2010-09-24,0.191140418902352
2010-10-01,0.16030424415660807
2010-10-08,0.11943424123371
2010-10-15,0.11930308943282193
2010-10-22,0.10943622005690325
2010-10-29,0.11027507047253339
2010-11-05,0.12425268998784639
2010-11-12,0.12606386512760362
2010-11-19,0.12307780009182055
2010-11-26,0.12831125903280252
2010-12-03,0.1024561118355922
2010-12-10,0.10183734944407559
2010-12-17,0.10221474127608358
2010-12-24,0.10645957945870982
2010-12-31,0.1161129266329462
2011-01-07,0.1169862718534567
2011-01-14,0.11674410084096923
2011-01-21,0.12426070536503236
2011-01-28,0.12122015280316951
2011-02-04,0.10628112052702783
2011-02-11,0.10241599723975454
2011-02-18,0.09745309674496291
2011-02-25,0.09913478170797539
2011-03-04,0.09781012683788617
2011-03-11,0.11284247182908956
2011-03-18,0.1168230073593226
2011-03-25,0.1257816591888685
2011-04-01,0.12581760047056523
2011-04-08,0.12357603428399958
2011-04-15,0.12536495296222358
2011-04-22,0.11944037137009302
2011-04-29,0.11980002281056619
2011-05-06,0.11854722400916479
2011-05-13,0.11705098463017581
2011-05-20,0.11714754432644545
2011-05-27,0.11431773058598856
2011-06-03,0.11745024439715393
2011-06-10,0.10845673068317525
2011-06-17,0.10281715691841135
2011-06-24,0.07614685058757846
2011-07-01,0.1268502005531482
2011-07-08,0.12574842770883374
2011-07-15,0.13355700848091906
2011-07-22,0.13775934989239097
2011-07-29,0.14115231203706655
2011-08-05,0.23619369878102398
2011-08-12,0.2407975855735225
2011-08-19,0.2550150902180108
2011-08-26,0.2612864821254636
2011-09-02,0.27427634290267916
2011-09-09,0.27419967974309545
2011-09-16,0.2836445376063389
2011-09-23,0.3021209365598735
2011-09-30,0.27796333106484794
2011-10-07,0.2919001238169868
2011-10-14,0.2996096478101397
2011-10-21,0.29715979490172384
2011-10-28,0.3075576565454792
2011-11-04,0.23702418707018424
2011-11-11,0.2361481287269438
2011-11-18,0.21853890782252147
2011-11-25,0.23194262028931562
2011-12-02,0.26995474230633065
2011-12-09,0.2675697312464019
2011-12-16,0.2685619368937005
2011-12-23,0.24097053026435294
2011-12-30,0.24085955997366532
2012-01-06,0.23427181901661082
2012-01-13,0.2280023157249963
2012-01-20,0.2296014814682238
2012-01-27,0.21659672852912076
2012-02-03,0.21190661873865038
2012-02-10,0.21366358727059123
2012-02-17,0.19767335546511763
2012-02-24,0.17273892831738868
2012-03-02,0.10469271293694708
2012-03-09,0.1046339177419853
2012-03-16,0.08177408847303881
2012-03-23,0.09013712866216494
2012-03-30,0.09690217890852684
2012-04-06,0.09578365849784487
2012-04-13,0.09947851440090794
2012-04-20,0.10338305259248397
2012-04-27,0.10338308218293839
2012-05-04,0.09148166033521493
2012-05-11,0.09358903923651388
2012-05-18,0.13498148655836237
2012-05-25,0.1413309658092101
2012-06-01,0.14224843984557403
2012-06-08,0.16528212747941148
2012-06-15,0.16297570246110732
2012-06-22,0.1624682315167052
2012-06-29,0.16329317352086709
2012-07-06,0.1669941392857501
2012-07-13,0.16496330861453523
2012-07-20,0.15867289437346116
2012-07-27,0.1586942032176052
2012-08-03,0.1634241906263575
2012-08-10,0.16027360689530362
2012-08-17,0.09762184041441432
2012-08-24,0.10457591691108967
2012-08-31,0.09956032728467169
2012-09-07,0.08348351610899522
2012-09-14,0.08922618965151802
2012-09-21,0.09519485563101823
2012-09-28,0.10507062975970144
2012-10-05,0.1091688444237198
2012-10-12,0.11383345420163744
2012-10-19,0.11763396283030463
2012-10-26,0.12260264445576391
2012-11-02,0.11092537258085747
2012-11-09,0.11447033082508885
2012-11-16,0.1268327596514112
2012-11-23,0.1489310078635443
2012-11-30,0.14719391872944582
2012-12-07,0.1454016847245849
2012-12-14,0.13941891251333968
2012-12-21,0.13746117543147726
2012-12-28,0.13076542613601727
2013-01-04,0.13463040770930743
2013-01-11,0.12997846287201437
2013-01-18,0.126786364849495
2013-01-25,0.1244561174541641
2013-02-01,0.12436189299743311
2013-02-08,0.12156590080762215
2013-02-15,0.0951802173945596
2013-02-22,0.07311575624586689
2013-03-01,0.07303760597587843
2013-03-08,0.07569448890558328
2013-03-15,0.07580100657330587
2013-03-22,0.08759978923270446
2013-03-29,0.0860579233148767
2013-04-05,0.09339244160397239
2013-04-12,0.10115519940313203
2013-04-19,0.10760508776188746
2013-04-26,0.10849357513824374
2013-05-03,0.11046490920666491
2013-05-10,0.10824162949032996
2013-05-17,0.10967333210529481
2013-05-24,0.11359208352460705
2013-05-31,0.11700287829032671
2013-06-07,0.12562379748795882
2013-06-14,0.12926013013503607
2013-06-21,0.1393088394639808
2013-06-28,0.14430176742231468
2013-07-05,0.14504509261057907
2013-07-12,0.14833846022991065
2013-07-19,0.14471560344880915
2013-07-26,0.1422729420442438
2013-08-02,0.14204300287488925
2013-08-09,0.14014746516769508
2013-08-16,0.13806385397203405
2013-08-23,0.13703060370311052
2013-08-30,0.13748442978933365
2013-09-06,0.1337678894825751
2013-09-13,0.12807638740233046
2013-09-20,0.10529627207015348
2013-09-27,0.10886588545771113
2013-10-04,0.10022284183489247
2013-10-11,0.08448751773495175
2013-10-18,0.09112432230098295
2013-10-25,0.09204864958371872
2013-11-01,0.08819870225583844
2013-11-08,0.08586470102143604
2013-11-15,0.08078213543394827
2013-11-22,0.08115991783020156
2013-11-29,0.07621328274753186
2013-12-06,0.07290789764922767
2013-12-13,0.07935184084912487
2013-12-20,0.09659778712411185
2013-12-27,0.10120061716761322
2014-01-03,0.09882216641740776
2014-01-10,0.09880670923391377
2014-01-17,0.09390221108373638
2014-01-24,0.10353420728108585
2014-01-31,0.11253586397970328
2014-02-07,0.11493379550782312
2014-02-14,0.1189734401602696
2014-02-21,0.12985591488448953
2014-02-28,0.12997131324324784
2014-03-07,0.12965461878700654
2014-03-14,0.13774167407129165
2014-03-21,0.12740267754471638
2014-03-28,0.12001674520040706
2014-04-04,0.12291951006870803
2014-04-11,0.1289611435336889
2014-04-18,0.12732741119639887
2014-04-25,0.11952943102411223
2014-05-02,0.1141648833664224
2014-05-09,0.1138395174930162
2014-05-16,0.11157622294933336
2014-05-23,0.09962052016175149
2014-05-30,0.09957578027620566
2014-06-06,0.09432477781291808
2014-06-13,0.07673398965331972
2014-06-20,0.07711327500998151
2014-06-27,0.08011914333068908
2014-07-04,0.08267690809400267
2014-07-11,0.08963223298792934
2014-07-18,0.08932326125246945
2014-07-25,0.08843844870015041
2014-08-01,0.0845518205971551
2014-08-08,0.08980562838820365
2014-08-15,0.09819487103346264
2014-08-22,0.10192958322814753
2014-08-29,0.10249402423736491
2014-09-05,0.10298458165231938
2014-09-12,0.10106830297605549
2014-09-19,0.10049810699818501
2014-09-26,0.11358886407708584
2014-10-03,0.1118441151781626
2014-10-10,0.11467578071438046
2014-10-17,0.11123645242447891
2014-10-24,0.1145986970684593
2014-10-31,0.1251257715611936
2014-11-07,0.12081178321949797
2014-11-14,0.11775540404303639
2014-11-21,0.11857244039277455
2014-11-28,0.11787758084348669
2014-12-05,0.11746429485857601
2014-12-12,0.17463419530263796
2014-12-19,0.19551856242240515
2014-12-26,0.18938596060530552
2015-01-02,0.18651426913297958
2015-01-09,0.1765113882348592
2015-01-16,0.176135878877201
2015-01-23,0.19303712920306026
2015-01-30,0.19125604298406956
2015-02-06,0.1929521992101511
2015-02-13,0.19181733040308405
2015-02-20,0.19033311926744015
2015-02-27,0.18987126954086583
2015-03-06,0.19051977746775967
2015-03-13,0.1377477909074359
2015-03-20,0.14099524077941897
2015-03-27,0.152250493129944
2015-04-03,0.15054617385438782
2015-04-10,0.1628704997392311
2015-04-17,0.16784349355242129
2015-04-24,0.1475053501828021
2015-05-01,0.14740700776489732
2015-05-08,0.14552793963790203
2015-05-15,0.14839516209684672
2015-05-22,0.14922412281384786
2015-05-29,0.14992184899834257
2015-06-05,0.1587679505253175
2015-06-12,0.15036816952858137
2015-06-19,0.12224681411492254
2015-06-26,0.11504437351736388
2015-07-03,0.12458090752032458
2015-07-10,0.09710404032058369
2015-07-17,0.10253926999039553
2015-07-24,0.11074962040680467
2015-07-31,0.11873853591262114
2015-08-07,0.11688284925031721
2015-08-14,0.12356568917455969
2015-08-21,0.1553009277498927
2015-08-28,0.16002931648158755
2015-09-04,0.16394349534471905
2015-09-11,0.16911377035616065
2015-09-18,0.16927778566963145
2015-09-25,0.16770467198343722
2015-10-02,0.1644784359742753
2015-10-09,0.19204303979357548
2015-10-16,0.18810619105613108
2015-10-23,0.18221800944472835
2015-10-30,0.17862494186097655
2015-11-06,0.1780924635277032
2015-11-13,0.1857484838704403
2015-11-20,0.16655474418815108
2015-11-27,0.16601867827546088
2015-12-04,0.15707916405229466
2015-12-11,0.18249244239901796
2015-12-18,0.18620640842614228
2015-12-25,0.19811803679831738
2016-01-01,0.19826252148456947
2016-01-08,0.2004238888073386
2016-01-15,0.2019566639567383
2016-01-22,0.20459576000154875
2016-01-29,0.2171088789209586
2016-02-05,0.22844503748659292
2016-02-12,0.22212917468607557
2016-02-19,0.22812174667234725
2016-02-26,0.2345950777487762
2016-03-04,0.23403870754182932
2016-03-11,0.21368145883519366
2016-03-18,0.21193160250539464
2016-03-25,0.20246465184612739
2016-04-01,0.203079780577912
2016-04-08,0.1693562635068689
2016-04-15,0.16569514326703133
2016-04-22,0.1660545731958028
2016-04-29,0.15896590409430686
2016-05-06,0.1405238280643763
2016-05-13,0.12724302543664784
2016-05-20,0.09924512929194149
2016-05-27,0.094200763065224
2016-06-03,0.09123095151604511
2016-06-10,0.09440208918806992
2016-06-17,0.09712508412698076
2016-06-24,0.10258715054939171
2016-07-01,0.17557416964057376
2016-07-08,0.1754792280325678
2016-07-15,0.17215094751629645
2016-07-22,0.1711668946800818
2016-07-29,0.1682445760533274
2016-08-05,0.15963887408560817
2016-08-12,0.16017531848695235
2016-08-19,0.16366280407603806
2016-08-26,0.16364733103589538
2016-09-02,0.15961314905059878
2016-09-09,0.1608934907441236
2016-09-16,0.15766609325646214
2016-09-23,0.16196636576542678
2016-09-30,0.09063851465751306
2016-10-07,0.09681509956373635
2016-10-14,0.09740900738131042
2016-10-21,0.09688385466705585
2016-10-28,0.09749866509399505
2016-11-04,0.13295382656608973
2016-11-11,0.12744295776983489
2016-11-18,0.1277538814798432
2016-11-25,0.12927823136194888
2016-12-02,0.13182518692133277
2016-12-09,0.14418444021007928
2016-12-16,0.14218040741583077
2016-12-23,0.1311195090561381
2016-12-30,0.13198509878531917
2017-01-06,0.1269957232224435
2017-01-13,0.12989328667101413
2017-01-20,0.13757728697005295
2017-01-27,0.1373464077337496
2017-02-03,0.09620726923888352
2017-02-10,0.09657540733800328
2017-02-17,0.09655946721679169
2017-02-24,0.09978445008768466
2017-03-03,0.0923335120933545
2017-03-10,0.07529525050576877
2017-03-17,0.07618036502335307
2017-03-24,0.0822901659939952
2017-03-31,0.08104783724792826
2017-04-07,0.07955867531328795
2017-04-14,0.0716839259623339
2017-04-21,0.08484669836119671
2017-04-28,0.08889239281468632
2017-05-05,0.09245948097903015
2017-05-12,0.09775549993999255
2017-05-19,0.09761926142606199
2017-05-26,0.096604747474706
2017-06-02,0.09123662475027816
2017-06-09,0.09084249602892218
2017-06-16,0.09073848881627425
2017-06-23,0.08776224430542423
2017-06-30,0.09336200880588516
2017-07-07,0.09368950516776663
2017-07-14,0.09370017392354897
2017-07-21,0.06957194101487628
2017-07-28,0.07262210807613213
2017-08-04,0.07790971974390026
2017-08-11,0.08862378902109369
2017-08-18,0.08797315439115126
2017-08-25,0.0881384843457174
2017-09-01,0.08905482554687623
2017-09-08,0.09016551879522139
2017-09-15,0.09837875448374367
2017-09-22,0.10295419568101184
2017-09-29,0.09987206479401503
2017-10-06,0.1071536118473985
2017-10-13,0.10707832453941112
2017-10-20,0.10566180865871133
2017-10-27,0.10267464042969651
2017-11-03,0.09616104279800536
2017-11-10,0.08524735928977349
2017-11-17,0.08685497282674563
2017-11-24,0.08455100608034145
2017-12-01,0.08874823306599429
2017-12-08,0.09164278576590654
2017-12-15,0.08100424517680865
2017-12-22,0.08124956452777282
2017-12-29,0.08282086804303924
2018-01-05,0.0743213932544462
2018-01-12,0.07496676853590094
2018-01-19,0.07657547045657927
2018-01-26,0.07903882964169603
2018-02-02,0.09869195522795815
2018-02-09,0.1324692935700726
2018-02-16,0.14662009801065332
2018-02-23,0.1467356236885865
2018-03-02,0.15149747085354673
2018-03-09,0.15640867172322215
2018-03-16,0.15356901646005902
2018-03-23,0.16019180724623236
2018-03-30,0.16437026250823977
2018-04-06,0.17027274950477175
2018-04-13,0.171801195129296
2018-04-20,0.17599876015042187
2018-04-27,0.18069826107651513
2018-05-04,0.17120379386674225
2018-05-11,0.13823267337210288
2018-05-18,0.1300106619727232
2018-05-25,0.1297539462951023
2018-06-01,0.11545590766859543
2018-06-08,0.11189000218843931
2018-06-15,0.11084037463627715
2018-06-22,0.0723022698531568
2018-06-29,0.07282178894831641
2018-07-06,0.06984716872363529
2018-07-13,0.06841652498399711
2018-07-20,0.06484709729416385
2018-07-27,0.05618144682387898
2018-08-03,0.05608767116466204
2018-08-10,0.03618153909061377
2018-08-17,0.04134455183529682
2018-08-24,0.041333002988380205
2018-08-31,0.054356255889022154
2018-09-07,0.06531502887902756
2018-09-14,0.06689336325416015
2018-09-21,0.0868956912178302
2018-09-28,0.0868662345252291
2018-10-05,0.09960410357108841
2018-10-12,0.1267878148372536
2018-10-19,0.12894238073685427
2018-10-26,0.1284639689702477
2018-11-02,0.14194851795528532
2018-11-09,0.14206546460855424
2018-11-16,0.14175929245606705
2018-11-23,0.1407670217750871
2018-11-30,0.13928642009569858
2018-12-07,0.14424589078074812
2018-12-14,0.14645025482450413
2018-12-21,0.1327066886939852
2018-12-28,0.13244638152477645
2019-01-04,0.13450134571614297
2019-01-11,0.10807847672980271
2019-01-18,0.1079282079407951
2019-01-25,0.11305568535338918
2019-02-01,0.12193898400164245
2019-02-08,0.1229186233632345
2019-02-15,0.12806397741149445
2019-02-22,0.12781412350067856
2019-03-01,0.1302067543418206
2019-03-08,0.11254986093124536
2019-03-15,0.11532228217584782
2019-03-22,0.10613539997564062
2019-03-29,0.10617523511727395
2019-04-05,0.11010998786549268
2019-04-12,0.11059702347843568
2019-04-19,0.11065717456052707
2019-04-26,0.09531345845242195
2019-05-03,0.08268664618627183
2019-05-10,0.09923267151139124
2019-05-17,0.0963125470219797
2019-05-24,0.09704181869355798
2019-05-31,0.10065214923222436
2019-06-07,0.11064446059355526
2019-06-14,0.10582830642919303
2019-06-21,0.10628685944108582
2019-06-28,0.10497487914649699
2019-07-05,0.10034675325742212
2019-07-12,0.10135703877956133
2019-07-19,0.10123910328810508
2019-07-26,0.10107448389245106
2019-08-02,0.10799890403482582
2019-08-09,0.1048856019016216
2019-08-16,0.1023889408478144
2019-08-23,0.10120273229458684
2019-08-30,0.10198583783880497
2019-09-06,0.09182457696633275
2019-09-13,0.0949435791691007
2019-09-20,0.09346463454548393
2019-09-27,0.09622177636994633
2019-10-04,0.11325330050802355
2019-10-11,0.1179614874029937
2019-10-18,0.11964756172355762
2019-10-25,0.1312580103175472
2019-11-01,0.12628604168652105
2019-11-08,0.1196755126959966
2019-11-15,0.11347437606228794
2019-11-22,0.11292008291239801
2019-11-29,0.10925137440705224
2019-12-06,0.11187453396948206
2019-12-13,0.11402050308778382
2019-12-20,0.1295494575661423
2019-12-27,0.12886880972935066
2020-01-03,0.09906672674515977
2020-01-10,0.09918292150777365
2020-01-17,0.09301953207931664
2020-01-24,0.08920350612907006
2020-01-31,0.12299003534364455
2020-02-07,0.1320501644419601
2020-02-14,0.13206224822275747
2020-02-21,0.13204023444700588
2020-02-28,0.2600209942550522
2020-03-06,0.26049073935053574
2020-03-13,0.40879512368726
2020-03-20,0.3922142245493497
2020-03-27,0.42614304244007223
2020-04-03,0.42416548276348415
2020-04-10,0.47114820341953784
2020-04-17,0.4673616958500929
2020-04-24,0.46789753107764004
2020-05-01,0.4673492962564999
2020-05-08,0.46942058693345695
2020-05-15,0.46932693810464976
2020-05-22,0.47916404340447377
2020-05-29,0.43217030033671155
2020-06-05,0.45350687795740047
2020-06-12,0.29916878558621746
2020-06-19,0.28585364489526516
2020-06-26,0.27597639408999564
2020-07-03,0.27097747461077704
2020-07-10,0.22894112516593385
2020-07-17,0.23352839625430302
2020-07-24,0.24187245298060228
2020-07-31,0.25629543801003385
2020-08-07,0.25331262069069377
2020-08-14,0.2478351532232918
2020-08-21,0.24192876518335663
2020-08-28,0.2405035256482714
2020-09-04,0.1946261937116865
2020-09-11,0.18396128475313805
2020-09-18,0.1709929639905501
2020-09-25,0.17420963643073753
2020-10-02,0.17636516577547087
2020-10-09,0.18102177308402848
2020-10-16,0.16852226388948977
2020-10-23,0.1622891040039268
2020-10-30,0.17374025352305172
2020-11-06,0.21021574457795772
2020-11-13,0.25242704300720076
2020-11-20,0.2494532088853508
2020-11-27,0.248338578544716
2020-12-04,0.2411580631341462
2020-12-11,0.23261776375838866
2020-12-18,0.23233700210024788
2020-12-25,0.22190340689208743
2021-01-01,0.22388902773614197
2021-01-08,0.25032541637745837
2021-01-15,0.25224915676373005
2021-01-22,0.2509648338137347
2021-01-29,0.24568906390159162
2021-02-05,0.22245598686254928
2021-02-12,0.18061954320105283
2021-02-19,0.1806038537177804
2021-02-26,0.18729444075699764
2021-03-05,0.18390288589632584
2021-03-12,0.18749739468926566
2021-03-19,0.1884227392538797
2021-03-26,0.18792289814577517
2021-04-02,0.18700045990959135
2021-04-09,0.14492647551903826
2021-04-16,0.14012243422787102
2021-04-23,0.14213740190026844
2021-04-30,0.10167022211762695
2021-05-07,0.10628129360386383
2021-05-14,0.11133342101426282
2021-05-21,0.11274066469444038
2021-05-28,0.09866588142901167
2021-06-04,0.0920791619206732
2021-06-11,0.08704196285817395
2021-06-18,0.09357600302308715
2021-06-25,0.09733427226531664
2021-07-02,0.09765748347093449
2021-07-09,0.08527779317404018
2021-07-16,0.08779143521813923
2021-07-23,0.08427965480567084
2021-07-30,0.08394578778252769
2021-08-06,0.07428182744861475
2021-08-13,0.0738730987982763
2021-08-20,0.08364600034787562
2021-08-27,0.08502996062536156
2021-09-03,0.08441514453261167
2021-09-10,0.08800780109877727
2021-09-17,0.08374714001988036
2021-09-24,0.080246696483631
2021-10-01,0.08040002899073088
2021-10-08,0.08323278950819953
2021-10-15,0.08438447850111887
2021-10-22,0.08539608808540451
2021-10-29,0.08549474232364299
2021-11-05,0.0838020986595845
2021-11-12,0.08066281850893084
2021-11-19,0.07943000655832241
2021-11-26,0.09349790724435826
2021-12-03,0.09659574629572355
2021-12-10,0.10144910716976492
2021-12-17,0.09889682771492576
2021-12-24,0.09951846294631093
2021-12-31,0.09848182086320745
2022-01-07,0.09978209293120745
2022-01-14,0.09459198484032166
2022-01-21,0.09551898917334342
2022-01-28,0.09641295119144822
2022-02-04,0.09580178062097292
2022-02-11,0.10151164687946662
2022-02-18,0.10359811510601422
2022-02-25,0.08577670208501056
2022-03-04,0.16590830027873293
2022-03-11,0.16612040045299095
2022-03-18,0.18089650559406517
2022-03-25,0.1800085355178149
2022-04-01,0.18038918557162228
2022-04-08,0.18162781906401432
2022-04-15,0.18205488643213366
2022-04-22,0.18350641260190473
2022-04-29,0.18331392898060397
2022-05-06,0.1878476264617752
2022-05-13,0.18315685089583802
2022-05-20,0.17948771181939016
2022-05-27,0.1875166289231744
2022-06-03,0.1182957963132428
2022-06-10,0.12961031655587033
2022-06-17,0.1349100661939229
2022-06-24,0.14649682568965763
2022-07-01,0.14495438784310108
2022-07-08,0.13877743400108097
2022-07-15,0.13870017089632752
2022-07-22,0.143526305508957
2022-07-29,0.15027702251393818
2022-08-05,0.1441133246925485
2022-08-12,0.14476660831914745
2022-08-19,0.14475380337622368
2022-08-26,0.13836692471095954
2022-09-02,0.14283106264733444
2022-09-09,0.13256502633891512
2022-09-16,0.10462256463301266
2022-09-23,0.10839403151244646
2022-09-30,0.11282126443295869
2022-10-07,0.11725693279815941
2022-10-14,0.12195003860432253
2022-10-21,0.12179895883885515
2022-10-28,0.11546130457613121
2022-11-04,0.14595273204504955
2022-11-11,0.14461355964127756
2022-11-18,0.14536028400728657
2022-11-25,0.14451271702013505
2022-12-02,0.13820646892573862
2022-12-09,0.13991257709113594
2022-12-16,0.14208648506482957
2022-12-23,0.12858375163923233
2022-12-30,0.12033170763212586
2023-01-06,0.13140699794191013
2023-01-13,0.11952195689135212
2023-01-20,0.12505936503090614
2023-01-27,0.12622369719176588
2023-02-03,0.10691555034265175
2023-02-10,0.10696822380808063
2023-02-17,0.10854309203169256
2023-02-24,0.11557599310220708
2023-03-03,0.11546373684662418
2023-03-10,0.126468030664174
2023-03-17,0.1647731585808966
2023-03-24,0.16105136853409097
2023-03-31,0.17236983984835247
2023-04-07,0.16138177166425152
2023-04-14,0.1604817161103861
2023-04-21,0.15925456213127617
2023-04-28,0.15984888394351743
2023-05-05,0.1576071922411343
2023-05-12,0.1576362045918528
2023-05-19,0.1536241401274874
2023-05-26,0.15402277292711483
2023-06-02,0.15218345339841752
2023-06-09,0.1449131459219779
2023-06-16,0.09353268089269298
2023-06-23,0.10650945025401556
2023-06-30,0.08747248092096774
2023-07-07,0.10599285820670384
2023-07-14,0.1135979888168809
2023-07-21,0.13275337560432526
2023-07-28,0.13312112181430477
2023-08-04,0.1352107889357779
2023-08-11,0.13536411558268965
2023-08-18,0.15000424745132915
2023-08-25,0.1505464799761283
2023-09-01,0.15573729201250286
2023-09-08,0.1555012558712325
2023-09-15,0.1669696579877848
2023-09-22,0.158775301011115
2023-09-29,0.15982577092526107
2023-10-06,0.14285047135174403
2023-10-13,0.13735305267581724
2023-10-20,0.13233738148424026
2023-10-27,0.13372985001291757
2023-11-03,0.13689124700076438
2023-11-10,0.13727565955562446
2023-11-17,0.12241771183572339
2023-11-24,0.12151916293753014
2023-12-01,0.11724376253529775
2023-12-08,0.11734054813920047
2023-12-15,0.09770495212500245
2023-12-22,0.10338069126506857
2023-12-29,0.1012899889787169
2024-01-05,0.0964167061447593
2024-01-12,0.09478806847887873
2024-01-19,0.08954932879593737
2024-01-26,0.09309282956833467
2024-02-02,0.08879756769295599
2024-02-09,0.08790006937577444
2024-02-16,0.0869459184995571
2024-02-23,0.08668500644720116
2024-03-01,0.0870028968157932
2024-03-08,0.08737481596282531
2024-03-15,0.08869183559693194
2024-03-22,0.0979046604747967
2024-03-29,0.09778843782904528
2024-04-05,0.0976424482561231
2024-04-12,0.09604093571711628
2024-04-19,0.08719388207055727
2024-04-26,0.09535164303465368
2024-05-03,0.09417396396150444
2024-05-10,0.09916592458338086
2024-05-17,0.09851070009903345
2024-05-24,0.10481645320104921
2024-05-31,0.10563469933675669
2024-06-07,0.10588227050133461
2024-06-14,0.11130461099048156
2024-06-21,0.10196089805148935
2024-06-28,0.10473333238533825
2024-07-05,0.10361098264220081
2024-07-12,0.10250256806346865
2024-07-19,0.10206917822843031
2024-07-26,0.08741933009186066
2024-08-02,0.09042200846676454
2024-08-09,0.06883393051414616
2024-08-16,0.07962285955810354
2024-08-23,0.07590382846063141
2024-08-30,0.07579728859164829
2024-09-06,0.08988681230068793
2024-09-13,0.089059253192454
2024-09-20,0.08717082099230698
2024-09-27,0.08745231192866243
2024-10-04,0.08799435833493377
2024-10-11,0.08757250759421753
2024-10-18,0.08688369914428933
2024-10-25,0.08603275483894912
2024-11-01,0.08339764873657543
2024-11-08,0.08731762052725588
2024-11-15,0.07774600813805524
2024-11-22,0.09448638682922114
2024-11-29,0.09382637943309319
2024-12-06,0.0801507713191372
2024-12-13,0.07724564762190884
2024-12-20,0.09320570722471161
2024-12-27,0.09168188779971807
2025-01-03,0.09371731731847492
2025-01-10,0.09373779079335658
2025-01-17,0.1103193617206134
2025-01-24,0.1058959143207942
2025-01-31,0.10847066567776065
2025-02-07,0.10183995105122358
2025-02-14,0.1008708493094106
2025-02-21,0.0963017816783843
2025-02-28,0.1000646615438938
2025-03-07,0.1074544868422208
2025-03-14,0.1086292628505791
2025-03-21,0.08877486228266153
2025-03-28,0.08886257383837914
2025-04-04,0.17257155644859726
2025-04-11,0.17338353276552432
2025-04-18,0.18066133450526767
2025-04-25,0.1845034606012812
2025-05-02,0.18517038844351227
2025-05-09,0.185207671164684
2025-05-16,0.18786907032339678
2025-05-23,0.1871268488400824
2025-05-30,0.18416846249106478
2025-06-06,0.18181693795886406
2025-06-13,0.18116032222251802
2025-06-20,0.18245206165375286
2025-06-27,0.18247139479411953
2025-07-04,0.09764927983795865
2025-07-11,0.08966019672646844
2025-07-18,0.06154984458153322
2025-07-25,0.059830246775244254
2025-08-01,0.054186956868102376
2025-08-08,0.05071501674752723
2025-08-15,0.04544780706521092
2025-08-22,0.05559734727154849
2025-08-29,0.06785436926885259
2025-09-05,0.06736511750152352
2025-09-12,0.067939570256234
2025-09-19,0.06688454872648268
2025-09-26,0.06720617291251613
2025-10-03,0.07610683674801849
2025-10-10,0.07788552734576148
2025-10-17,0.08127591995752596
2025-10-24,0.0968085062643242
2025-10-31,0.0944185256325335
2025-11-07,0.09604368010113261
2025-11-14,0.09626731192350803
2025-11-21,0.09862631859863653
2025-11-28,0.09735131945224733
2025-12-05,0.09932122143575058
2025-12-12,0.09945312838487616
2025-12-19,0.10632045647652301
2025-12-26,0.10749134593546612
2026-01-02,0.10110662778401555
2026-01-09,0.10181888643576073
2026-01-16,0.09800437185531455
2026-01-23,0.08755386617261753
2026-01-30,0.08763992933257153
2026-02-06,0.08825319843884823
2026-02-13,0.08795059114708911
2026-02-20,0.07985215001052183
2026-02-27,0.0810268631470151
2026-03-06,0.1543700396585269
2026-03-13,0.15445608786222606
2026-03-20,0.1649180525230183
2026-03-27,0.16500183828546958
2026-04-03,0.1889153090100042
2026-04-10,0.1884227904954006
2026-04-17,0.18789811285035177
2026-04-24,0.1963857436974413
2026-05-01,0.19608324951471118
2026-05-08,0.1957982944088978
2026-05-15,0.19507317843974972
2026-05-22,0.19712405731488084
2026-05-29,0.19123144165720693
2026-06-05,0.1514956308989188
